"","date","mean_daily_sentiment","total_tweets","total_tweets_incl_retweets"
"1",2017-10-01,0.0801922737224307,17,17
"2",2017-10-02,0.000443512650312521,11,32
"3",2017-10-03,0.097600679246806,9,9
"4",2017-10-04,0.0561236681406255,12,12
"5",2017-10-05,0.083129849106678,14,14
"6",2017-10-06,0.0865313155873246,15,15
"7",2017-10-07,0.0689433816505612,12,12
"8",2017-10-08,-0.067846237384606,7,7
"9",2017-10-09,0.141917423878159,21,22
"10",2017-10-10,0.0549074988061269,47,61
"11",2017-10-11,0.0382013886810045,17,18
"12",2017-10-12,0.016312570393925,17,17
"13",2017-10-13,0.059529710840455,14,14
"14",2017-10-14,0.0646453295949316,12,13
"15",2017-10-15,-0.0642210320066464,4847,5552
"16",2017-10-16,-0.0377970826909618,90006,93843
"17",2017-10-17,-0.0180259193185379,51672,53449
"18",2017-10-18,-0.00790197355217438,24674,27227
"19",2017-10-19,-0.00286314502856377,16182,22359
"20",2017-10-20,0.00850591379667043,10606,11396
"21",2017-10-21,0.00124901986704132,6335,6494
"22",2017-10-22,0.000807059465786388,5721,6308
"23",2017-10-23,-0.00128660298760277,5886,8432
"24",2017-10-24,-0.000498179441390653,4868,5034
"25",2017-10-25,-0.0085045918816003,4855,5929
"26",2017-10-26,-0.00212506144773231,4477,4730
"27",2017-10-27,-0.0109619764943037,4282,4836
"28",2017-10-28,-0.0157235130079323,3333,3473
"29",2017-10-29,-0.00936479192705156,2903,3651
"30",2017-10-30,0.00648266971332039,4241,4630
"31",2017-10-31,-0.00360378106667171,2862,3018
"32",2017-11-01,-0.0219984824029038,3048,3135
"33",2017-11-02,-0.0103116382447709,3413,3822
"34",2017-11-03,-0.00809169777244667,2900,3108
"35",2017-11-04,0.000883930299866104,2461,2556
"36",2017-11-05,-0.0119381079278377,2405,2738
"37",2017-11-06,0.000629726775780994,2116,2288
"38",2017-11-07,-0.0101001409042361,2213,2285
"39",2017-11-08,-0.00424648771485441,2602,3903
"40",2017-11-09,-0.00726476674399856,4201,4357
"41",2017-11-10,-0.0153996496475203,6788,7272
"42",2017-11-11,-0.00814457801249439,5401,6443
"43",2017-11-12,-0.011678924289656,3946,4508
"44",2017-11-13,-0.0241503188769998,5488,6517
"45",2017-11-14,-0.00638561222917968,4549,4725
"46",2017-11-15,-0.00694530145470311,3428,3580
"47",2017-11-16,-0.0199145898410886,5191,5885
"48",2017-11-17,-0.0356817180130417,5805,6027
"49",2017-11-18,-0.0212697254677621,4021,4593
"50",2017-11-19,-0.0140227046881215,3451,3525
"51",2017-11-20,-0.0291251063024896,3959,4195
"52",2017-11-21,-0.0225611738498793,5803,9148
"53",2017-11-22,-0.0229464630699547,4968,5642
"54",2017-11-23,0.00468581778185326,2803,3078
"55",2017-11-24,-0.00893159882403783,3014,3172
"56",2017-11-25,-0.00758301175767717,3971,4288
"57",2017-11-26,-0.0170729971244061,3246,4671
"58",2017-11-27,-0.00666248104238269,3319,3554
"59",2017-11-28,-0.0178550775217432,3190,3665
"60",2017-11-29,-0.0256847289133879,5269,5420
"61",2017-11-30,-0.0255058530366902,5537,6225
"62",2017-12-01,-0.0126432175053659,3485,3776
"63",2017-12-02,-0.0167968653686281,2044,2242
"64",2017-12-03,-0.00747954773927946,1912,2228
"65",2017-12-04,0.00137800638618295,4134,4383
"66",2017-12-05,-0.00773261956611342,4740,5911
"67",2017-12-06,0.0337744200321018,21421,24710
"68",2017-12-07,5.98399112684335e-05,13888,15166
"69",2017-12-08,-0.0109996918325095,8562,9056
"70",2017-12-09,-0.0127256037414976,5235,5747
"71",2017-12-10,-0.00695762239585639,4408,4992
"72",2017-12-11,-0.0228390977036195,6773,11792
"73",2017-12-12,-0.0377761081269782,9323,10594
"74",2017-12-13,0.0126734526161333,8639,8950
"75",2017-12-14,-0.019684975425894,6962,8565
"76",2017-12-15,-0.0159558065352976,5763,6411
"77",2017-12-16,-0.00818333850600681,5295,5836
"78",2017-12-17,-0.00942875036568868,4706,4838
"79",2017-12-18,-0.0156796495487861,4709,5385
"80",2017-12-19,0.00567332830486649,5299,5532
"81",2017-12-20,0.0120194803033594,5118,6186
"82",2017-12-21,0.0012821489604296,4690,9834
"83",2017-12-22,-0.000405423390231363,3831,4503
"84",2017-12-23,-0.0154515318839214,3232,4688
"85",2017-12-24,6.9701233979354e-05,2400,3453
"86",2017-12-25,0.011257650424053,1640,1992
"87",2017-12-26,0.0123019168518909,2196,2318
"88",2017-12-27,-0.00406207818390259,3030,4684
"89",2017-12-28,-0.00576767438762494,2813,3399
"90",2017-12-29,-0.0175094038886658,2310,2744
"91",2017-12-30,-0.00510029856725411,1770,2007
"92",2017-12-31,0.0184708323395845,1986,2284
"93",2018-01-01,0.0234523052747156,2229,4156
"94",2018-01-02,0.00866986320926474,2970,4057
"95",2018-01-03,0.0117492385554548,3208,4802
"96",2018-01-04,0.00600174542542116,2704,3386
"97",2018-01-05,0.00292247336706018,3249,4348
"98",2018-01-06,0.00822954540535234,2885,3464
"99",2018-01-07,0.0373351711858438,4100,4860
"100",2018-01-08,0.0912064298619782,20212,23728
"101",2018-01-09,0.021955352602605,8787,12477
"102",2018-01-10,-0.00849304545491879,9329,11974
"103",2018-01-11,-0.00957331095658325,7561,8850
"104",2018-01-12,-0.00798876419828401,6031,10648
"105",2018-01-13,-0.0200187247120476,5490,7033
"106",2018-01-14,-0.0179042305998343,7000,7987
"107",2018-01-15,-0.0138546745710778,7416,9548
"108",2018-01-16,-0.00296913029797802,10461,12914
"109",2018-01-17,0.00544207351618105,9283,10693
"110",2018-01-18,-0.00236786595730867,8508,10899
"111",2018-01-19,0.00792964082180229,7177,8479
"112",2018-01-20,0.0179743843768378,6729,7873
"113",2018-01-21,0.0213773880370755,5958,6974
"114",2018-01-22,0.0318381986111802,5781,7075
"115",2018-01-23,0.0160942575817886,6249,7193
"116",2018-01-24,0.00634562142542105,6889,8589
"117",2018-01-25,0.00293437421285987,7251,8553
"118",2018-01-26,-0.00656334819132865,6909,8003
"119",2018-01-27,-0.0104881188831932,5811,6760
"120",2018-01-28,-0.00160834880249523,5486,6298
"121",2018-01-29,0.0346758823159186,10382,12752
"122",2018-01-30,-0.00280619504744552,6421,7820
"123",2018-01-31,0.00102647424941266,7231,8652
"124",2018-02-01,-0.00228636024689854,6072,11523
"125",2018-02-02,-0.00588624821395248,5422,6997
"126",2018-02-03,-0.00507419794074939,4768,6355
"127",2018-02-04,-0.00598027438499369,3779,4437
"128",2018-02-05,-0.00223164690909401,4148,5289
"129",2018-02-06,0.00827868867444024,4748,5794
"130",2018-02-07,-0.00481023865736937,5206,6526
"131",2018-02-08,-0.0207421475607292,5793,7043
"132",2018-02-09,-0.0480642491159754,7535,9449
"133",2018-02-10,-0.0527871396159056,128,129
"134",2018-02-11,-0.0215211839140182,6573,8171
"135",2018-02-12,-0.0141301514562492,7477,9371
"136",2018-02-13,-0.00240301538135704,6121,7494
"137",2018-02-14,-0.0175365721266012,6020,6739
"138",2018-02-15,-0.0147071053703242,4974,6043
"139",2018-02-16,0.00301460527054022,3861,5125
"140",2018-02-17,0.00307792605628528,2935,3270
"141",2018-02-18,0.000250069227485274,2853,3812
"142",2018-02-19,0.0093562896163627,3946,5310
"143",2018-02-20,-0.00152821261624721,4651,6278
"144",2018-02-21,0.00189666921550566,4280,5396
"145",2018-02-22,0.00889239933936668,4067,4781
"146",2018-02-23,0.00151585639409236,3556,4309
"147",2018-02-24,-0.000634648426209436,2605,3032
"148",2018-02-25,0.00137712534234513,2260,3392
"149",2018-02-26,0.0139935461675128,4475,5347
"150",2018-02-27,0.0158938907891705,4360,5216
"151",2018-02-28,0.00316644826108894,4839,5218
"152",2018-03-01,0.0245724151341313,4847,10097
"153",2018-03-02,0.0320538414626231,5197,7403
"154",2018-03-03,0.0339918176324335,4148,4999
"155",2018-03-04,0.0243073871995189,4699,6170
"156",2018-03-05,0.0303525148047382,11679,13944
"157",2018-03-06,0.00937023607164166,5194,6652
"158",2018-03-07,0.0112148796364334,4473,5329
"159",2018-03-08,0.0560504148685933,8399,10690
"160",2018-03-09,0.00789837276691236,4722,5879
"161",2018-03-10,0.00934548750693219,2620,3033
"162",2018-03-11,0.0155717924039051,2227,2889
"163",2018-03-12,0.0178323302203522,3421,4281
"164",2018-03-13,0.0129218804199518,3742,4328
"165",2018-03-14,-0.00839714830965226,3271,3877
"166",2018-03-15,-0.00895585719199128,3845,4830
"167",2018-03-16,-0.0044285599120267,4365,5367
"168",2018-03-17,-0.00491260952266385,3584,4275
"169",2018-03-18,0.012072835315455,2795,3356
"170",2018-03-19,0.00875947381402952,3122,4074
"171",2018-03-20,-0.000796471537302372,3812,4417
"172",2018-03-21,0.0169232855033273,3400,4005
"173",2018-03-22,0.00925727193124089,3176,3670
"174",2018-03-23,0.0129301709983541,3213,4132
"175",2018-03-24,0.00954892183547444,2142,2641
"176",2018-03-25,0.00168516936807087,2193,2724
"177",2018-03-26,-0.00280219045057077,2961,3585
"178",2018-03-27,-0.000643265885659246,3219,3998
"179",2018-03-28,0.00186493898671131,3658,4094
"180",2018-03-29,0.00643403954937248,2694,3086
"181",2018-03-30,-0.00759402345420445,2570,2833
"182",2018-03-31,0.000792998774763048,2152,2303
"183",2018-04-01,-0.00102953299374905,2042,4032
"184",2018-04-02,-0.00193423301684746,2429,3548
"185",2018-04-03,0.00907647106941013,2722,3620
"186",2018-04-04,0.0211849279635172,2912,3731
"187",2018-04-05,0.00656789844942026,2620,3096
"188",2018-04-06,0.0237670313490016,2996,3968
"189",2018-04-07,-0.0170166409285006,7896,9941
"190",2018-04-08,-0.00892003842116059,6420,7568
"191",2018-04-09,0.0172876740707721,5959,7338
"192",2018-04-10,0.0183401343287845,4020,4654
"193",2018-04-11,0.0139119673547505,2992,3559
"194",2018-04-12,0.00570457909164324,2938,3431
"195",2018-04-13,0.0183846882982307,3036,3791
"196",2018-04-14,0.0234021128518466,1925,2239
"197",2018-04-15,0.0174484291405949,1794,2085
"198",2018-04-16,0.0556833120563962,2674,3196
"199",2018-04-17,0.051044857676998,3019,3492
"200",2018-04-18,0.0223078259113866,3014,3661
"201",2018-04-19,0.00364484548199816,4106,4845
"202",2018-04-20,-0.0068543918608026,3929,4467
"203",2018-04-21,0.00690058593473896,2753,3040
"204",2018-04-22,-0.00143233046454674,2061,2222
"205",2018-04-23,0.0036149599607502,2671,3018
"206",2018-04-24,0.00105129026713653,3032,3594
"207",2018-04-25,-0.000740298048618184,3381,4007
"208",2018-04-26,-0.0133106787797075,7982,8951
"209",2018-04-27,-0.0045911031892421,5862,6770
"210",2018-04-28,0.00273681059231076,4085,4816
"211",2018-04-29,-0.00624187452598003,3451,3772
"212",2018-04-30,-0.0115008966775266,3474,3673
"213",2018-05-01,0.00431904360519439,3771,7478
"214",2018-05-02,-0.00336505026713425,3176,4716
"215",2018-05-03,0.00548170786702609,3611,4604
"216",2018-05-04,0.0125593400648988,3513,4306
"217",2018-05-05,-0.00750704434507504,2373,2814
"218",2018-05-06,0.00406414385660554,1982,2454
"219",2018-05-07,-0.00132689094644992,2360,2771
"220",2018-05-08,-0.0276407650546253,7032,8195
"221",2018-05-09,-0.0395570473833924,4878,5678
"222",2018-05-10,-0.00198505542349124,4208,5666
"223",2018-05-11,0.00621564765719643,3168,3696
"224",2018-05-12,0.00721583528947249,2536,2851
"225",2018-05-13,0.0298235300538028,2201,2434
"226",2018-05-14,0.00303864813056582,2190,2459
"227",2018-05-15,-0.00286374247750773,2219,2609
"228",2018-05-16,0.00503580285270119,2421,2773
"229",2018-05-17,-0.0048446710843572,2509,2827
"230",2018-05-18,-0.00866182614769255,2278,2442
"231",2018-05-19,-0.00842363681819989,1455,1689
"232",2018-05-20,-0.00648108111370778,1703,1910
"233",2018-05-21,0.0116006576177741,2731,3214
"234",2018-05-22,-0.00342154104464045,2690,3116
"235",2018-05-23,-0.00483532309639465,2649,2900
"236",2018-05-24,-0.0364987423875292,4798,5232
"237",2018-05-25,-0.0183072405066715,6031,6524
"238",2018-05-26,-0.0190797417850108,3150,3486
"239",2018-05-27,-0.0226267205605828,2299,2505
"240",2018-05-28,-0.00874104454997793,1796,2006
"241",2018-05-29,-0.026161976122097,2565,2846
"242",2018-05-30,-0.0026356023122419,2654,2978
"243",2018-05-31,-0.0157867882182383,3293,3498
"244",2018-06-01,-0.00902721623039074,3294,6901
"245",2018-06-02,0.00460558047421695,2200,3530
"246",2018-06-03,-0.00545478009700107,1830,2547
"247",2018-06-04,-0.0159655329497966,6108,8051
"248",2018-06-05,-0.00516223170226662,5336,6468
"249",2018-06-06,0.00543070391231664,5040,5858
"250",2018-06-07,-0.000540044127146485,3730,4442
"251",2018-06-08,0.0186128244742472,3474,4496
"252",2018-06-09,0.00966357931480903,2655,3270
"253",2018-06-10,-0.00593412333636325,2200,2549
"254",2018-06-11,-0.0202992604133628,2670,3055
"255",2018-06-12,-0.0254510345947295,3114,3692
"256",2018-06-13,-0.00854924103311436,3018,3385
"257",2018-06-14,-0.00224030996322199,2828,3918
"258",2018-06-15,-0.0143522295864552,3611,3966
"259",2018-06-16,-0.0280145773730066,2278,2482
"260",2018-06-17,-0.0134435850558392,1769,1906
"261",2018-06-18,0.00266126031974068,2279,2451
"262",2018-06-19,-0.0142614318868591,2257,2646
"263",2018-06-20,-0.014517733842323,2365,2835
"264",2018-06-21,-0.0201694203627528,2297,2511
"265",2018-06-22,-0.0120795198259715,2051,2364
"266",2018-06-23,-0.017815790248457,1636,1755
"267",2018-06-24,-0.0204125547859291,1485,1681
"268",2018-06-25,-0.00370726194891253,1814,1973
"269",2018-06-26,-0.0019461885363634,2304,2477
"270",2018-06-27,-0.00133061110412278,2633,2868
"271",2018-06-28,-0.000821017624199355,2761,3066
"272",2018-06-29,-0.0082034944018756,2659,2879
"273",2018-06-30,-0.00126402030335513,1758,1948
"274",2018-07-01,0.00223668254835974,1858,5506
"275",2018-07-02,-0.00739028351181797,2164,3733
"276",2018-07-03,-0.0127223360546929,2576,3621
"277",2018-07-04,-0.00941032623007561,1936,2369
"278",2018-07-05,-0.0125275920228249,2197,2431
"279",2018-07-06,-0.0848905825830978,9574,11853
"280",2018-07-07,-0.0465231711754562,4392,4983
"281",2018-07-08,-0.0347207717171435,2697,3164
"282",2018-07-09,-0.0226672046696694,3609,4905
"283",2018-07-10,-0.0148750153978918,2956,3478
"284",2018-07-11,-0.0110488787607794,2529,2818
"285",2018-07-12,-0.0412055114756792,3699,4506
"286",2018-07-13,-0.0196900399040458,3285,3782
"287",2018-07-14,-0.0285155918462376,2144,2433
"288",2018-07-15,-0.0510455161745321,1811,2025
"289",2018-07-16,-0.00465300638204069,1846,2137
"290",2018-07-17,-0.00601457188230151,2002,2382
"291",2018-07-18,-0.00424108511699539,2152,2325
"292",2018-07-19,0.00426713343771974,2291,2633
"293",2018-07-20,-0.00944336069638993,2773,3046
"294",2018-07-21,-0.0192158935107003,1905,2101
"295",2018-07-22,-0.0212391112967911,1385,1463
"296",2018-07-23,-0.0076918613019787,1993,2174
"297",2018-07-24,0.00149245935572941,1979,2213
"298",2018-07-25,-0.00851495166558616,1982,2289
"299",2018-07-26,-0.0174540636516546,2140,2528
"300",2018-07-27,-0.00869663314344641,2682,3455
"301",2018-07-28,-0.0432642240494855,2162,2474
"302",2018-07-29,-0.0301041851107974,1520,1641
"303",2018-07-30,-0.0124863664600334,2737,3082
"304",2018-07-31,-0.0138069877959909,2793,3050
"305",2018-08-01,-0.0124737904210068,2791,5165
"306",2018-08-02,-0.0121465283772824,2547,3489
"307",2018-08-03,-0.0209345700176188,2442,2940
"308",2018-08-04,-0.012520266701395,1315,1621
"309",2018-08-05,-0.00305596332931731,1557,1991
"310",2018-08-06,-0.00590136906648997,1925,2281
"311",2018-08-07,0.000724809580017601,1885,2151
"312",2018-08-08,0.00746841314189012,1805,2144
"313",2018-08-09,-0.00539452806337024,2778,4038
"314",2018-08-10,-0.0202582816999698,2624,4020
"315",2018-08-11,-0.00811572118717513,1435,2158
"316",2018-08-12,-0.0217224266280862,1571,1948
"317",2018-08-13,-0.00936107011551244,2245,2957
"318",2018-08-14,-0.0110637741681086,2437,3031
"319",2018-08-15,-0.0160538311130809,2465,2868
"320",2018-08-16,-0.0274582836310221,1987,2354
"321",2018-08-17,-0.0284769478658074,1710,2330
"322",2018-08-18,-0.024708775942295,1479,1617
"323",2018-08-19,-0.0314136686824446,1317,1509
"324",2018-08-20,-0.0714407075645761,7122,8935
"325",2018-08-21,-0.0617537614769571,4763,5475
"326",2018-08-22,-0.0435112837007869,3082,3386
"327",2018-08-23,-0.0267709875988259,3254,3551
"328",2018-08-24,-0.0310480282863113,2268,2581
"329",2018-08-25,-0.0178064027507053,1772,2056
"330",2018-08-26,0.00109399477876564,1395,1529
"331",2018-08-27,-0.0134834791968289,1847,2004
"332",2018-08-28,-0.0225483973357529,3209,3680
"333",2018-08-29,-0.0110245707620533,2646,2803
"334",2018-08-30,-0.010389268779119,2651,2805
"335",2018-08-31,-0.0242964958044047,2134,2247
"336",2018-09-01,-0.0243834103603408,2353,5268
"337",2018-09-02,-0.0110681155800674,1957,3439
"338",2018-09-03,-0.00749597591563331,1743,2632
"339",2018-09-04,-0.00918381730763274,2068,2360
"340",2018-09-05,-0.0140863404649329,2037,2459
"341",2018-09-06,0.00261699776115109,2019,2403
"342",2018-09-07,-0.00561319950708039,2004,2330
"343",2018-09-08,-0.0100421676084198,1522,1683
"344",2018-09-09,-0.025292521408075,2155,2446
"345",2018-09-10,0.00803326691895491,3722,4649
"346",2018-09-11,-0.00343118467506132,2556,3005
"347",2018-09-12,-0.0284964850302854,3312,4159
"348",2018-09-13,-0.0254449617167663,3575,4180
"349",2018-09-14,-0.0253782843660499,4084,4488
"350",2018-09-15,-0.023750907351188,2819,3438
"351",2018-09-16,-0.0275081701654186,6527,7431
"352",2018-09-17,-0.0340724094225655,17254,18991
"353",2018-09-18,-0.0356563560441493,12860,14018
"354",2018-09-19,-0.039278256197956,12406,14051
"355",2018-09-20,-0.0256149077139284,11672,12688
"356",2018-09-21,-0.0412170368430503,13723,16228
"357",2018-09-22,-0.0345559118808335,10408,11592
"358",2018-09-23,-0.0319658126885545,8724,9933
"359",2018-09-24,-0.0351377202675908,14463,15798
"360",2018-09-25,-0.0322306970976631,12542,13655
"361",2018-09-26,-0.0312081078561038,13712,14767
"362",2018-09-27,-0.0147988252310865,26866,31108
"363",2018-09-28,-0.0183272568894438,21855,23378
"364",2018-09-29,-0.0126417818305309,10359,11309
"365",2018-09-30,-0.015004885738082,8661,9054
"366",2018-10-01,-0.0247478178661884,8826,12867
"367",2018-10-02,-0.0335848131031053,8534,10461
"368",2018-10-03,-0.043996946523576,10707,12609
"369",2018-10-04,-0.024248369311566,11920,13392
"370",2018-10-05,-0.0121588760120915,18476,20712
"371",2018-10-06,-0.016745184137019,15361,16665
"372",2018-10-07,-0.0221747000320478,11715,13023
"373",2018-10-08,-0.0202909543707998,14653,16597
"374",2018-10-09,-0.0185504484774669,20307,22355
"375",2018-10-10,-0.0216781755457956,19217,21889
"376",2018-10-11,-0.0221384143704247,18599,21410
"377",2018-10-12,-0.0133574132513016,18254,20335
"378",2018-10-13,-0.0134183432822677,14501,16136
"379",2018-10-14,-0.0267800447255875,16443,18219
"380",2018-10-15,-0.0183360985867897,15752,17408
"381",2018-10-16,-0.00521778488123052,13163,14658
"382",2018-10-17,-0.019501803087703,13000,14489
"383",2018-10-18,-0.0244551125257109,10019,11345
"384",2018-10-19,-0.0175161471919587,7205,8065
"385",2018-10-20,-0.0157227419466094,5435,7698
"386",2018-10-21,-0.0213147361919041,5777,6617
"387",2018-10-22,-0.0133760532192413,5982,6568
"388",2018-10-23,0.00342580723053889,6277,7710
"389",2018-10-24,-0.00356869260840546,6317,7598
"390",2018-10-25,-0.0257777422392809,6635,8424
"391",2018-10-26,-0.0144310397029417,5270,6408
"392",2018-10-27,-0.0151774628604643,3684,5179
"393",2018-10-28,0.00167558434339828,2859,3238
"394",2018-10-29,-0.0170722171990389,3716,4092
"395",2018-10-30,-0.0187107297293952,3713,4057
"396",2018-10-31,-0.0195728429536936,3532,3965
"397",2018-11-01,-0.0104574700057072,4018,8099
"398",2018-11-02,-0.00223311674350934,4771,7044
"399",2018-11-03,-0.0324284487906593,3085,3989
"400",2018-11-04,-0.0157260508399176,2570,3161
"401",2018-11-05,0.00395812444030334,2884,3569
"402",2018-11-06,0.000914882933763974,2988,3602
"403",2018-11-07,-0.00926560573757708,3317,3928
"404",2018-11-08,-0.0319595704705233,4724,5157
"405",2018-11-09,-0.000207330727214929,2781,3132
"406",2018-11-10,-0.00579528672885588,2236,2461
"407",2018-11-11,-0.0103963638166313,1646,2008
"408",2018-11-12,-0.00202490741471909,2422,2632
"409",2018-11-13,-0.0125184924517327,2735,2954
"410",2018-11-14,-0.0220751885067474,2609,2835
"411",2018-11-15,-0.0293224050156358,3297,3473
"412",2018-11-16,-0.0108202897522332,2543,2787
"413",2018-11-17,-0.0220521370016216,1824,2037
"414",2018-11-18,-0.0175928112027973,1703,1990
"415",2018-11-19,-0.0128456936686651,2336,2631
"416",2018-11-20,-0.0197722910669733,2255,2509
"417",2018-11-21,-0.0259183332215984,2248,2634
"418",2018-11-22,0.00118434468390864,1713,2043
"419",2018-11-23,-0.00795530751898864,1352,1709
"420",2018-11-24,-0.0209480645785704,1291,1461
"421",2018-11-25,-0.0213309506319869,1513,1642
"422",2018-11-26,-0.0159120950686876,1957,2102
"423",2018-11-27,-0.000338717411959047,1906,2065
"424",2018-11-28,0.00342575092193698,2093,2314
"425",2018-11-29,-0.000848733263892422,2372,2568
"426",2018-11-30,0.00268778672673336,2602,2794
"427",2018-12-01,-0.02088971538684,3320,6816
"428",2018-12-02,-0.0239537079981649,2591,4205
"429",2018-12-03,-0.0255963724960971,3296,5119
"430",2018-12-04,-0.0249741791733932,3903,4724
"431",2018-12-05,-0.0168314187547651,3197,3808
"432",2018-12-06,-0.0216000927258623,3202,3704
"433",2018-12-07,-0.0194657283384503,2827,3292
"434",2018-12-08,-0.0241882064533642,1992,2457
"435",2018-12-09,-0.0127622729037906,1698,1916
"436",2018-12-10,-0.00238444465505471,2097,2445
"437",2018-12-11,-0.00415273032871654,2420,2855
"438",2018-12-12,-0.0252209269526759,2272,2495
"439",2018-12-13,-0.0197004835785519,2111,2398
"440",2018-12-14,-0.00952683706710753,2379,2810
"441",2018-12-15,-0.0142479663581437,1659,1927
"442",2018-12-16,-0.0206630754111146,1429,1607
"443",2018-12-17,0.0102543227072225,2755,3491
"444",2018-12-18,0.000396411008078737,2585,2770
"445",2018-12-19,-0.00703544164694672,2320,2666
"446",2018-12-20,-0.014969060828434,2286,2658
"447",2018-12-21,-0.0156338659794204,1872,2099
"448",2018-12-22,-0.00443579714865333,1664,1812
"449",2018-12-23,-0.0220023921424255,1564,2163
"450",2018-12-24,-0.0140949111536547,1511,1698
"451",2018-12-25,-0.0124426900679423,1035,1153
"452",2018-12-26,0.0017104563647553,1156,1430
"453",2018-12-27,-0.0237271663462795,1401,1618
"454",2018-12-28,0.00260180518652877,1529,1830
"455",2018-12-29,0.00512937366012515,1470,1711
"456",2018-12-30,-0.00552117071076946,1494,1714
"457",2018-12-31,-0.00137005997032945,2026,2131
"458",2019-01-01,0.0218555016157278,1593,4205
"459",2019-01-02,0.000937389638673025,1591,2948
"460",2019-01-03,-0.00202143167624052,1977,2872
"461",2019-01-04,-0.000806377118878244,2837,3533
"462",2019-01-05,-0.0219616205143789,2308,2643
"463",2019-01-06,0.00201094706950308,2549,3005
"464",2019-01-07,0.0165104570961331,2762,3125
"465",2019-01-08,-0.00498078624958265,2071,2391
"466",2019-01-09,-0.0135155902084848,2271,2578
"467",2019-01-10,0.00245299562049743,2847,3473
"468",2019-01-11,-0.00854146483396165,2272,2495
"469",2019-01-12,0.00199595167198379,1571,1686
"470",2019-01-13,-0.032042717749626,1735,1908
"471",2019-01-14,-0.00804652923516725,2261,2786
"472",2019-01-15,0.00800257461047884,5348,6699
"473",2019-01-16,0.0100246587851531,4181,4579
"474",2019-01-17,-0.0122850127153392,3136,3689
"475",2019-01-18,-0.00319495547265787,2281,2519
"476",2019-01-19,-0.0179156106194883,1959,2211
"477",2019-01-20,0.00224495031944738,1645,1793
"478",2019-01-21,-0.015691841281646,2104,2257
"479",2019-01-22,-0.0267729128096595,3355,3602
"480",2019-01-23,-0.0260900323650618,2948,3328
"481",2019-01-24,-0.0207191970764285,2221,2402
"482",2019-01-25,-0.0167630136939106,1793,1907
"483",2019-01-26,0.000632783470824548,1479,1568
"484",2019-01-27,-0.00511838449770662,1740,2090
"485",2019-01-28,-0.0267402687218195,2735,2924
"486",2019-01-29,-0.00813544140297639,3037,3360
"487",2019-01-30,-0.00853091764793019,2255,2489
"488",2019-01-31,-0.0195418540137127,1921,2010
"489",2019-02-01,-0.000664458387416105,2166,4682
"490",2019-02-02,-0.0168802127574631,1629,2844
"491",2019-02-03,-0.0127213862496769,1418,2044
"492",2019-02-04,-0.0363890913080122,2457,2904
"493",2019-02-05,-0.021308739870409,2465,2814
"494",2019-02-06,-0.0252780316846698,2680,2872
"495",2019-02-07,-0.0168431522588362,2942,3215
"496",2019-02-08,-0.0114944932054734,2372,2727
"497",2019-02-09,-0.0174732653533909,2048,2187
"498",2019-02-10,-0.00946516728988207,1817,2027
"499",2019-02-11,-0.0108438214300282,2002,2641
"500",2019-02-12,-0.000995997873387818,2197,2547
"501",2019-02-13,-0.00205379236389702,2088,2324
"502",2019-02-14,-0.0034255914920276,2012,2151
"503",2019-02-15,-0.0144937811669453,1523,1697
"504",2019-02-16,-0.0228868266793003,1221,1352
"505",2019-02-17,-0.0147390038463395,1398,1549
"506",2019-02-18,-0.0141701116269276,1543,1738
"507",2019-02-19,-0.031619994366899,2356,2887
"508",2019-02-20,-0.0243409717339664,2694,2970
"509",2019-02-21,-0.0166935783972896,1759,1865
"510",2019-02-22,-0.0203319174709885,2304,2483
"511",2019-02-23,-0.030950829395028,1611,1935
"512",2019-02-24,-0.00040520132356484,1331,1444
"513",2019-02-25,-0.0137811023318157,2145,2209
"514",2019-02-26,0.00797845848189377,1940,2083
"515",2019-02-27,-0.000326121932594045,1900,2287
"516",2019-02-28,0.0190601330035148,1554,1620
"517",2019-03-01,0.0233582429479992,2291,4798
"518",2019-03-02,-0.00314557365406742,1785,3055
"519",2019-03-03,-0.0141237877939599,2051,3501
"520",2019-03-04,-0.0190590714641208,2505,3310
"521",2019-03-05,-0.00937932728640249,2268,2670
"522",2019-03-06,-0.00541992047698928,2569,2824
"523",2019-03-07,-0.00719937471822542,2455,2755
"524",2019-03-08,0.0345179983278939,2835,3203
"525",2019-03-09,0.0120907255307201,1694,1891
"526",2019-03-10,-0.00553610653300223,1409,1517
"527",2019-03-11,-0.0385081891026832,1918,2360
"528",2019-03-12,-0.0365472261466531,2156,2385
"529",2019-03-13,-0.0282359505915961,2133,2282
"530",2019-03-14,-0.0195964607846586,1891,2020
"531",2019-03-15,0.00780485962865657,1416,1519
"532",2019-03-16,0.00541518540134378,1184,1246
"533",2019-03-17,-0.00450228010417316,1162,1266
"534",2019-03-18,0.00100936662413352,1687,1922
"535",2019-03-19,-0.00420513981042281,1757,1862
"536",2019-03-20,2.08195590762328e-05,1399,1507
"537",2019-03-21,0.00303832482494892,1455,1563
"538",2019-03-22,0.011164800948064,1393,1468
"539",2019-03-23,-0.0182837388020117,1305,1360
"540",2019-03-24,-0.0242502452481113,1478,1920
"541",2019-03-25,-0.0150332032925532,1579,1645
"542",2019-03-26,-0.0186393446274898,1773,1937
"543",2019-03-27,-0.0236175864752478,2222,2467
"544",2019-03-28,-0.0175290621597592,1730,1848
"545",2019-03-29,0.00772816486245778,1970,2198
"546",2019-03-30,-0.0312900579883948,2484,2548
"547",2019-03-31,-0.0377615663564618,2668,2811
"548",2019-04-01,-0.0363277584361411,5361,8049
"549",2019-04-02,-0.0322157182590578,5883,7369
"550",2019-04-03,-0.0223066504152068,4718,5868
"551",2019-04-04,-0.018567199661819,3462,3787
"552",2019-04-05,-0.0180044517956741,3193,3583
"553",2019-04-06,-0.0070312111847968,2578,2917
"554",2019-04-07,-0.00208578233698962,1532,1655
"555",2019-04-08,-0.0170331521717727,1518,1752
"556",2019-04-09,-0.00603906101041865,1628,1836
"557",2019-04-10,-0.00900368765101771,1429,1627
"558",2019-04-11,-0.0164078989803226,1565,1757
"559",2019-04-12,-0.0192383539975632,1451,1627
"560",2019-04-13,-0.0161743230309378,1150,1206
"561",2019-04-14,-0.0237256689347014,1078,1125
"562",2019-04-15,0.000915329802223947,1167,1251
"563",2019-04-16,-0.0158748706775739,1303,1629
"564",2019-04-17,-0.00828767937616766,1661,1805
"565",2019-04-18,-0.0335529376974657,1427,1539
"566",2019-04-19,-0.0279742075717333,1331,1391
"567",2019-04-20,-0.0335711880286318,2164,2321
"568",2019-04-21,-0.00647784372215829,956,1015
"569",2019-04-22,-0.0346676155089272,1067,1171
"570",2019-04-23,-0.0153855019881461,1250,1306
"571",2019-04-24,-0.0128087330220797,1367,1552
"572",2019-04-25,-0.0274041905297269,1728,1820
"573",2019-04-26,-0.00598267413083712,1719,1826
"574",2019-04-27,-0.0196037604313966,1231,1294
"575",2019-04-28,-0.0316717893612735,999,1038
"576",2019-04-29,-0.0291075115692854,1526,1641
"577",2019-04-30,-0.0138318201453675,1822,1885
"578",2019-05-01,0.0168330829589617,1600,3710
"579",2019-05-02,0.00635724501545447,1405,2895
"580",2019-05-03,-0.00272511479987338,1376,2114
"581",2019-05-04,0.00495639219077315,1255,1669
"582",2019-05-05,0.00173593253887212,1056,1186
"583",2019-05-06,-0.010208023349616,1046,1151
"584",2019-05-07,-0.000717075421328632,1281,1367
"585",2019-05-08,-0.0109437276997736,1427,1581
"586",2019-05-09,-0.0149760113628686,1521,1628
"587",2019-05-10,-0.0208683442895727,1519,1923
"588",2019-05-11,-0.0215643717884322,1229,1274
"589",2019-05-12,-0.0113554959049861,1117,1198
"590",2019-05-13,-0.0126679793971329,1179,1268
"591",2019-05-14,-0.00361451724670693,1297,1441
"592",2019-05-15,-0.0384285698926277,1353,1427
"593",2019-05-16,-0.0262912754365224,1262,1321
"594",2019-05-17,-0.0376006361541085,1692,2046
"595",2019-05-18,-0.0436298389558896,1206,1265
"596",2019-05-19,-0.0586564737697938,1085,1449
"597",2019-05-20,0.00163230126042187,1257,1426
"598",2019-05-21,-0.0230080746480746,1529,1972
"599",2019-05-22,-0.0409745389143303,1320,1397
"600",2019-05-23,-0.0302904151052573,1365,1537
"601",2019-05-24,-0.0237883696170946,1398,1492
"602",2019-05-25,-0.0273671806869101,1065,1160
"603",2019-05-26,-0.0615959673392917,1113,1397
"604",2019-05-27,-0.0139087616148161,927,1021
"605",2019-05-28,-0.0420135939674017,1208,1317
"606",2019-05-29,-0.0290316352433725,1384,1493
"607",2019-05-30,-0.0278945101007007,1232,1307
"608",2019-05-31,-0.0198545027246994,1166,1218
"609",2019-06-01,0.0133937562763134,1092,3181
"610",2019-06-02,0.00629657577793544,853,2050
"611",2019-06-03,0.000193609304111253,974,1649
"612",2019-06-04,0.000163932397772878,1263,1613
"613",2019-06-05,-0.0141518495856789,1103,1258
"614",2019-06-06,-0.0194058733878857,1272,1391
"615",2019-06-07,-0.0171828087936251,1009,1136
"616",2019-06-08,0.00214654067432606,804,938
"617",2019-06-09,-0.0195650275732041,883,927
"618",2019-06-10,-0.0194290870927409,1135,1180
"619",2019-06-11,-0.00184225664014634,1128,1246
"620",2019-06-12,-0.0163407287759065,1129,1333
"621",2019-06-13,-0.0338573660286704,1609,1704
"622",2019-06-14,-0.000760139314841218,1204,1299
"623",2019-06-15,-0.0322681589161472,862,952
"624",2019-06-16,-0.030021054560201,651,725
"625",2019-06-17,-0.0306351708118764,897,956
"626",2019-06-18,-0.0250371026538132,1114,1166
"627",2019-06-19,-0.0233531940035183,1146,1212
"628",2019-06-20,-0.00218630694526836,1030,1122
"629",2019-06-21,-0.0350381769369454,1534,1681
"630",2019-06-22,-0.0481272496344038,1828,1868
"631",2019-06-23,-0.0370317892012338,1044,1077
"632",2019-06-24,-0.0340505032778298,1092,1143
"633",2019-06-25,-0.0411366387577344,1632,1673
"634",2019-06-26,-0.0202376177955162,1288,1428
"635",2019-06-27,-0.0333873890903191,1189,1274
"636",2019-06-28,-0.0203650504865484,1872,1937
"637",2019-06-29,-0.036291337745481,960,984
"638",2019-06-30,-0.0393716005702763,1129,1186
"639",2019-07-01,-0.020382434704499,1166,2804
"640",2019-07-02,-0.0046864949521736,1136,1835
"641",2019-07-03,-0.0153539162255765,1352,1815
"642",2019-07-04,-0.0157684944181253,1028,1251
"643",2019-07-05,-0.0185936846537638,904,1029
"644",2019-07-06,-0.0199426654812643,856,913
"645",2019-07-07,-0.00158638683994255,1388,1470
"646",2019-07-08,-0.00229086563245155,1678,1844
"647",2019-07-09,-0.0153858074187974,1848,2111
"648",2019-07-10,-0.0306730926784907,2000,2170
"649",2019-07-11,-0.0290294833585161,2107,2526
"650",2019-07-12,-0.0278795888909444,1762,1882
"651",2019-07-13,-0.0311544826070177,1304,1348
"652",2019-07-14,-0.0203032760402981,1101,1140
"653",2019-07-15,-0.0233657713146841,1238,1398
"654",2019-07-16,-0.0242811787352577,1206,1282
"655",2019-07-17,-0.0284506974202856,1438,1544
"656",2019-07-18,-0.0336906794225446,1404,1550
"657",2019-07-19,-0.0313250753105156,1135,1518
"658",2019-07-20,-0.0348261606434662,1006,1154
"659",2019-07-21,-0.0158054590615409,1004,1062
"660",2019-07-22,-0.042293942381661,1888,2024
"661",2019-07-23,-0.0355721388055937,1755,1924
"662",2019-07-24,-0.0364421539220655,2437,2552
"663",2019-07-25,-0.0322423115806752,2022,2103
"664",2019-07-26,-0.0211041819730187,1301,1365
"665",2019-07-27,-0.0336903326419693,920,950
"666",2019-07-28,-0.0486061806979145,756,773
"667",2019-07-29,-0.0521207792859882,1075,1159
"668",2019-07-30,-0.0518803398889869,1130,1150
"669",2019-07-31,-0.0102400080133374,1101,1191
"670",2019-08-01,-0.0328135057964319,1351,2544
"671",2019-08-02,-0.0228618720714369,1198,1596
"672",2019-08-03,-0.0207840849091545,1065,1301
"673",2019-08-04,-0.0495373846249041,770,878
"674",2019-08-05,0.00256609124791084,1051,1677
"675",2019-08-06,-0.0220348141871506,1102,1329
"676",2019-08-07,-0.025612434016495,1038,1157
"677",2019-08-08,-0.0134914379514283,1188,1373
"678",2019-08-09,-0.0207333394862693,1178,1315
"679",2019-08-10,-0.0297157081998496,1010,1116
"680",2019-08-11,-0.0131658020207072,948,1048
"681",2019-08-12,-0.0253327073973563,1071,1216
"682",2019-08-13,-0.0293799420207189,1479,1633
"683",2019-08-14,-0.0463516021766117,1409,1485
"684",2019-08-15,-0.0292804970553737,1062,1152
"685",2019-08-16,-0.0221689248841139,969,1073
"686",2019-08-17,-0.0199996719886369,747,786
"687",2019-08-18,-0.0101614574776993,913,976
"688",2019-08-19,-0.0181715177782393,1142,1246
"689",2019-08-20,-0.0232117353031583,1084,1131
"690",2019-08-21,-0.0286086586348697,1013,1074
"691",2019-08-22,-0.0266210788917859,1004,1036
"692",2019-08-23,-0.0491474599934514,1285,1367
"693",2019-08-24,-0.0249359447950505,827,865
"694",2019-08-25,-0.0214895428817135,684,711
"695",2019-08-26,-0.0106145493504231,1100,1182
"696",2019-08-27,-0.0275564946030944,1337,1442
"697",2019-08-28,-0.0471801611069308,2008,2121
"698",2019-08-29,-0.0559452522761391,1649,1861
"699",2019-08-30,-0.0516350573425325,1351,1399
"700",2019-08-31,-0.0572625201208656,908,928
"701",2019-09-01,-0.0550065736374206,1134,2238
"702",2019-09-02,-0.0261419516999584,1152,1524
"703",2019-09-03,-0.0195971768314468,1177,1412
"704",2019-09-04,-0.0214872471670211,1502,1734
"705",2019-09-05,-0.027232344302255,1345,1476
"706",2019-09-06,-0.00524432503955159,1458,1833
"707",2019-09-07,-0.0117945674768696,1337,1560
"708",2019-09-08,-0.0151988280171208,1187,1251
"709",2019-09-09,-0.0183314825096485,1483,1662
"710",2019-09-10,-0.0138995257004004,1561,1777
"711",2019-09-11,-0.0238265100125255,1582,1679
"712",2019-09-12,-0.0287828330146823,1251,1376
"713",2019-09-13,-0.0291565597932231,1179,1258
"714",2019-09-14,-0.03249136573823,957,1070
"715",2019-09-15,-0.042635623356094,1642,2186
"716",2019-09-16,-0.0459705093590183,1610,1696
"717",2019-09-17,-0.0339927664701912,1932,2078
"718",2019-09-18,-0.0406846712485215,1515,1607
"719",2019-09-19,-0.0225064281738835,1420,1517
"720",2019-09-20,-0.0187482017879942,1161,1237
"721",2019-09-21,-0.0313326258966543,890,986
"722",2019-09-22,-0.0359744923326915,852,914
"723",2019-09-23,-0.0102770889043923,1022,1074
"724",2019-09-24,-0.00574845323073572,1070,1107
"725",2019-09-25,-0.0568174704574801,1412,1636
"726",2019-09-26,-0.0301864243896857,1419,1579
"727",2019-09-27,-0.0150273157345805,1322,1424
"728",2019-09-28,-0.0320739911844702,954,991
"729",2019-09-29,-0.0313703756388978,1026,1119
"730",2019-09-30,-0.0416501243980537,1652,1684
"731",2019-10-01,-0.0180615716951197,1567,2857
"732",2019-10-02,0.0141080668691501,1800,2311
"733",2019-10-03,-0.0147082327835244,1678,1955
"734",2019-10-04,-0.00661486393665143,1460,1733
"735",2019-10-05,-0.0108451893081186,1221,1383
"736",2019-10-06,-0.00890581151165876,1356,1522
"737",2019-10-07,-0.0220429951005093,1466,1732
"738",2019-10-08,-0.0089851847561491,1354,1488
"739",2019-10-09,-0.0450012473065178,1716,1866
"740",2019-10-10,-0.0366659863700238,2695,2937
"741",2019-10-11,-0.0350438338657764,2007,2163
"742",2019-10-12,-0.0342825806606724,992,1117
"743",2019-10-13,-0.0364394220537206,1057,1204
"744",2019-10-14,0.00390359464147567,1541,1744
"745",2019-10-15,0.0158555253861441,2151,2467
"746",2019-10-16,-0.000824135740317283,1670,1805
"747",2019-10-17,-0.0228888279554403,1388,1498
"748",2019-10-18,-0.00584878121034613,1199,1327
"749",2019-10-19,-0.0573994034546331,1811,1939
"750",2019-10-20,-0.021280373024817,1195,1292
"751",2019-10-21,-0.0326014307311047,1704,1847
"752",2019-10-22,-0.0289991244207267,1636,1822
"753",2019-10-23,-0.0156504339100043,1465,1560
"754",2019-10-24,-0.0268209310593563,1950,2095
"755",2019-10-25,-0.0243815628931685,1880,2421
"756",2019-10-26,-0.0130406167819163,1253,1339
"757",2019-10-27,-0.0498843561602172,1115,1184
"758",2019-10-28,-0.049677773931811,1826,1964
"759",2019-10-29,-0.0205489553903004,1759,1827
"760",2019-10-30,-0.0211942013106366,1486,1539
"761",2019-10-31,-0.0167393203447522,1594,1667
"762",2019-11-01,-0.0434641250697867,1701,2774
"763",2019-11-02,-0.0246291477625626,1163,1503
"764",2019-11-03,-0.0135210550787201,1056,1249
"765",2019-11-04,-0.00290815089977323,1479,1795
"766",2019-11-05,0.00467746685030818,2081,2449
"767",2019-11-06,-0.0129926378462487,1478,1749
"768",2019-11-07,-0.00228655127316118,1583,1763
"769",2019-11-08,-0.0205103953717094,1628,1773
"770",2019-11-09,-0.0156414605094955,1267,1433
"771",2019-11-10,-0.0157921589926589,1109,1258
"772",2019-11-11,-0.00277891263485974,1005,1094
"773",2019-11-12,-0.00639903847225515,1107,1212
"774",2019-11-13,-0.0105697021192568,1246,1383
"775",2019-11-14,0.000623426061352127,2020,2219
"776",2019-11-15,-0.00897899080716584,1750,1942
"777",2019-11-16,-0.0198190667560152,1141,1216
"778",2019-11-17,-0.0174771236723885,964,981
"779",2019-11-18,-0.00415058888387858,1157,1226
"780",2019-11-19,-0.0157285972132695,1126,1170
"781",2019-11-20,-0.0272268655842831,1146,1233
"782",2019-11-21,-0.0302835429057924,2459,2642
"783",2019-11-22,-0.0282316032274019,1955,2047
"784",2019-11-23,-0.0256201945967604,1076,1137
"785",2019-11-24,-0.0344288391737235,986,1010
"786",2019-11-25,-0.0198454406583036,1264,1311
"787",2019-11-26,-0.0117780444809291,1402,1496
"788",2019-11-27,-0.017872923438077,1191,1283
"789",2019-11-28,-0.00774971607382472,1051,1132
"790",2019-11-29,-0.0330522646457531,984,1036
"791",2019-11-30,-0.0366086465135643,780,820
"792",2019-12-01,-0.00751187109546941,947,1803
"793",2019-12-02,-0.0157638576831756,1221,1662
"794",2019-12-03,-0.00825745142019892,1131,1329
"795",2019-12-04,-0.0108964852501553,1159,1371
"796",2019-12-05,0.0016523578788522,1117,1299
"797",2019-12-06,-0.0223051592809864,1161,1266
"798",2019-12-07,-0.0291602466950289,948,1030
"799",2019-12-08,-0.025670494957518,1019,1128
"800",2019-12-09,-0.00498741903562474,1192,1277
"801",2019-12-10,0.00314501173890816,1200,1319
"802",2019-12-11,-0.0215125381823127,1448,1803
"803",2019-12-12,-0.0142658384667564,1530,1695
"804",2019-12-13,-0.0166597656657389,1264,1460
"805",2019-12-14,-0.0314299383699988,1096,1270
"806",2019-12-15,-0.0153108836738979,820,897
"807",2019-12-16,-0.0214416837889544,1119,1255
"808",2019-12-17,-0.0176164770210968,1105,1157
"809",2019-12-18,-0.0222423242007385,1545,1813
"810",2019-12-19,-0.00722374779071453,1436,1648
"811",2019-12-20,0.00903328136918563,1083,1166
"812",2019-12-21,-0.0206008159159187,843,903
"813",2019-12-22,-0.01573087798616,753,866
"814",2019-12-23,-0.00215430526723376,771,827
"815",2019-12-24,0.002381288814668,699,754
"816",2019-12-25,-0.0109352089129613,526,568
"817",2019-12-26,-0.0406027800680657,798,865
"818",2019-12-27,-0.0345126147353351,812,854
"819",2019-12-28,-0.0243403405552862,681,731
"820",2019-12-29,-0.011004731182131,670,736
"821",2019-12-30,-0.0159773792775602,1092,1116
"822",2019-12-31,-0.017816839270317,960,1029
"823",2020-01-01,0.00914996977158388,870,1691
"824",2020-01-02,-0.0112441213044268,1015,1448
"825",2020-01-03,-0.0187512512955415,1342,1495
"826",2020-01-04,-0.0359612191664047,1271,1509
"827",2020-01-05,-0.0205590999006596,1477,1747
"828",2020-01-06,-0.0108341705759728,2401,2743
"829",2020-01-07,-0.0117599883004989,1855,2032
"830",2020-01-08,-0.0244099206969166,1465,1617
"831",2020-01-09,-0.0352891709468796,1311,1432
"832",2020-01-10,-0.0220643958701499,1196,1278
"833",2020-01-11,0.00465936759783031,1209,1468
"834",2020-01-12,-0.0150326520242736,908,1086
"835",2020-01-13,-0.016089165586368,1184,1405
"836",2020-01-14,-0.0337550315810147,1427,1619
"837",2020-01-15,-0.0492789166095469,1814,1891
"838",2020-01-16,-0.0213771406420799,1918,2233
"839",2020-01-17,-0.0266184135512469,1890,2051
"840",2020-01-18,-0.0373907262136274,1322,1393
"841",2020-01-19,0.0220020789911997,1314,2627
"842",2020-01-20,-0.00538360253591655,1141,1323
"843",2020-01-21,-0.0224455188462889,1106,1158
"844",2020-01-22,-0.0376594475038358,1313,1540
"845",2020-01-23,-0.034329108888502,1310,1599
"846",2020-01-24,-0.0407986247840926,1368,1421
"847",2020-01-25,-0.0406133780708166,993,1027
"848",2020-01-26,-0.0529150786843439,1192,1259
"849",2020-01-27,-0.0638503248287638,1941,2260
"850",2020-01-28,-0.0536619854395061,1700,1899
"851",2020-01-29,-0.0368815504984097,1454,1532
"852",2020-01-30,-0.0277586185169245,1265,1403
"853",2020-01-31,-0.0212233622210227,1200,1307
"854",2020-02-01,-0.0502425132692732,1447,2387
"855",2020-02-02,-0.0561581085837632,2096,2327
"856",2020-02-03,-0.017463979384373,2342,2593
"857",2020-02-04,-0.0172640520308912,1461,1623
"858",2020-02-05,-0.0320800311379682,1213,1268
"859",2020-02-06,-0.0308593624239972,1517,1620
"860",2020-02-07,-0.0613852932356346,1466,1557
"861",2020-02-08,-0.0422635050926421,1293,1383
"862",2020-02-09,-0.0376584908284972,1049,1315
"863",2020-02-10,-0.0335279659085696,1233,1308
"864",2020-02-11,-0.044441953805374,1216,1290
"865",2020-02-12,-0.0485791508698876,1081,1156
"866",2020-02-13,-0.0493920631473196,1211,1308
"867",2020-02-14,-0.0438005138152396,1233,1341
"868",2020-02-15,-0.0411885194886476,1022,1140
"869",2020-02-16,-0.0315245251406563,877,924
"870",2020-02-17,-0.0266231375039402,976,1031
"871",2020-02-18,-0.0387907017481961,1357,1516
"872",2020-02-19,-0.0512792449988373,1184,1251
"873",2020-02-20,-0.0250198689032217,2001,2184
"874",2020-02-21,-0.0324636442295379,1325,1509
"875",2020-02-22,-0.0259514961759287,1021,1080
"876",2020-02-23,-0.0493762586298707,767,792
"877",2020-02-24,-0.0168243150715547,6356,7589
"878",2020-02-25,-0.00833910461209536,4822,5144
"879",2020-02-26,-0.0250807227443252,1954,2021
"880",2020-02-27,-0.0197959640098336,1372,1492
"881",2020-02-28,-0.0251626611238433,1727,1858
"882",2020-02-29,-0.0175521467655683,1360,1422
"883",2020-03-01,-0.0251843838893923,1138,1963
"884",2020-03-02,-0.020126986507418,1344,1767
"885",2020-03-03,-0.0289886196672013,2709,2948
"886",2020-03-04,-0.0286994406078649,1455,1672
"887",2020-03-05,-0.029273903873742,1501,1621
"888",2020-03-06,-0.0219644737034609,1529,1717
"889",2020-03-07,-0.0284384219274625,1461,1551
"890",2020-03-08,-0.00970876447502677,1466,1577
"891",2020-03-09,0.00376328837544043,1068,1239
"892",2020-03-10,-0.0319001860902492,1159,1201
"893",2020-03-11,-0.0249746868971956,5054,5600
"894",2020-03-12,-0.0282267566447089,1716,1802
"895",2020-03-13,-0.0114376874640923,921,988
"896",2020-03-14,-0.0262948707510799,639,695
"897",2020-03-15,-0.0260440968283588,552,567
"898",2020-03-16,-0.0362465287409334,726,777
"899",2020-03-17,-0.0437048947512052,697,750
"900",2020-03-18,-0.0197775083677725,635,659
"901",2020-03-19,-0.00555439863753054,614,637
"902",2020-03-20,-0.0165590780464007,498,524
"903",2020-03-21,-0.0361481471981334,432,467
"904",2020-03-22,-0.0170310325869637,495,504
"905",2020-03-23,-0.036705717436465,678,688
"906",2020-03-24,-0.0072016880873074,639,997
"907",2020-03-25,-0.0423095307709472,1820,2041
"908",2020-03-26,-0.0511823078752086,2948,3148
"909",2020-03-27,-0.0560030799514757,3676,4228
"910",2020-03-28,-0.0508249220277105,2535,2925
"911",2020-03-29,-0.0532664120367215,1824,2093
"912",2020-03-30,-0.0328392782091774,1666,1795
"913",2020-03-31,-0.0441025027343304,1659,1715
"914",2020-04-01,-0.0637472926521847,1818,2445
"915",2020-04-02,-0.0588182809847455,2663,3237
"916",2020-04-03,-0.0417010880839497,1877,2144
"917",2020-04-04,-0.0479242829934112,1360,1441
"918",2020-04-05,-0.0449273992386638,1165,1248
"919",2020-04-06,-0.0535801717357216,2661,2797
"920",2020-04-07,-0.0600018303711237,3079,3363
"921",2020-04-08,-0.0624605448784468,2302,2465
"922",2020-04-09,-0.0450240964097066,1659,1759
"923",2020-04-10,-0.0689388814067098,1156,1218
"924",2020-04-11,-0.0623835178765795,1501,1645
"925",2020-04-12,-0.0513020953381277,1741,1956
"926",2020-04-13,-0.0551400839446122,1799,2073
"927",2020-04-14,-0.0563469447680039,1733,1821
"928",2020-04-15,-0.0510291975926789,1679,1790
"929",2020-04-16,-0.050146455552996,1455,1532
"930",2020-04-17,-0.0497628623848841,1224,1400
"931",2020-04-18,-0.0353745324801924,911,933
"932",2020-04-19,-0.0610457297167284,842,852
"933",2020-04-20,-0.0491799141127306,882,899
"934",2020-04-21,-0.0592978036608542,769,791
"935",2020-04-22,-0.0439719655331481,735,748
"936",2020-04-23,-0.0580538102814789,1000,1145
"937",2020-04-24,-0.0317201447115596,1156,1230
"938",2020-04-25,-0.0453137832170008,3459,3840
"939",2020-04-26,-0.0626860839659064,3054,3473
"940",2020-04-27,-0.0422974619277516,3905,4098
"941",2020-04-28,-0.0528340835612836,6104,6570
"942",2020-04-29,-0.057418341217934,4868,5157
"943",2020-04-30,-0.0522395093287722,7854,8127
"944",2020-05-01,-0.0610937112984001,8906,10630
"945",2020-05-02,-0.0641715416235876,5497,5928
"946",2020-05-03,-0.0677620397919592,4506,4700
"947",2020-05-04,-0.054090730256666,2840,3028
"948",2020-05-05,-0.0538661835595024,2594,2778
"949",2020-05-06,-0.0639607870743149,2656,2879
"950",2020-05-07,-0.0655664697221213,2731,2941
"951",2020-05-08,-0.065075527889131,2912,3127
"952",2020-05-09,-0.052202101814297,1789,1856
"953",2020-05-10,-0.0623028130623603,1459,1521
"954",2020-05-11,-0.0503707768016419,1417,1532
"955",2020-05-12,-0.0479112638178289,1519,1592
"956",2020-05-13,-0.0480374104685421,1238,1303
"957",2020-05-14,-0.0203573275423603,1057,1090
"958",2020-05-15,-0.0451513787386803,1752,1790
"959",2020-05-16,-0.0602609802034929,1407,1446
"960",2020-05-17,-0.0482425966614488,990,1009
"961",2020-05-18,-0.0403932576730159,1355,1433
"962",2020-05-19,-0.0334115869598646,1342,1508
"963",2020-05-20,-0.0484235624893274,1205,1268
"964",2020-05-21,-0.0374218191413766,908,917
"965",2020-05-22,-0.0432854419464146,1408,1514
"966",2020-05-23,-0.0394805536976613,1014,1054
"967",2020-05-24,-0.0310540911790065,950,977
"968",2020-05-25,-0.0481924434286394,842,977
"969",2020-05-26,-0.0311421612324298,955,1017
"970",2020-05-27,-0.030882958005473,1035,1150
"971",2020-05-28,-0.0146492220407628,845,953
"972",2020-05-29,-0.039250738037137,797,808
"973",2020-05-30,-0.0244651943059705,671,685
"974",2020-05-31,-0.0400515230518113,738,748
"975",2020-06-01,-0.0322425296098153,854,1880
"976",2020-06-02,-0.0141510502009892,1346,1555
"977",2020-06-03,-0.0106852446122129,1237,1292
"978",2020-06-04,-0.0226162061854586,1294,1367
"979",2020-06-05,-0.0264560490808582,1537,1707
"980",2020-06-06,-0.0334296652271038,1924,2114
"981",2020-06-07,-0.0447848201518248,982,1066
"982",2020-06-08,-0.053688136689365,1118,1179
"983",2020-06-09,-0.0304960651558507,938,993
"984",2020-06-10,-0.0346012141407929,1026,1066
"985",2020-06-11,-0.0314566873865999,1003,1123
"986",2020-06-12,-0.0380794493369486,975,1012
"987",2020-06-13,-0.0423370422905716,882,921
"988",2020-06-14,-0.0398624366581967,939,1052
"989",2020-06-15,-0.00875787395847849,918,1044
"990",2020-06-16,-0.0451812315294942,981,1021
"991",2020-06-17,-0.0495857605517692,1077,1119
"992",2020-06-18,-0.0367212727391912,1119,1181
"993",2020-06-19,-0.0350029380410781,1145,1206
"994",2020-06-20,-0.0420264747260579,1151,1185
"995",2020-06-21,-0.0321748743851875,1162,1199
"996",2020-06-22,-0.0368512431950654,1944,2003
"997",2020-06-23,-0.0269281222515815,1810,1957
"998",2020-06-24,-0.0420375721706509,1673,1855
"999",2020-06-25,-0.0325761182676797,1584,1878
"1000",2020-06-26,-0.0433165832065832,1362,1475
"1001",2020-06-27,-0.0512934172045732,1261,1307
"1002",2020-06-28,-0.0299536650326951,1278,1331
"1003",2020-06-29,-0.0395281324702869,1195,1273
"1004",2020-06-30,-0.0246204593927433,1114,1156
"1005",2020-07-01,-0.0410270074484641,1243,2235
"1006",2020-07-02,-0.0344974120559703,1214,1382
"1007",2020-07-03,-0.029830884874696,1082,1188
"1008",2020-07-04,-0.00989801225349199,837,919
"1009",2020-07-05,-0.0472180468681847,879,1034
"1010",2020-07-06,-0.01707778151948,919,4201
"1011",2020-07-07,-0.0396151053622795,1015,1191
"1012",2020-07-08,-0.0744216944025051,1038,1066
"1013",2020-07-09,-0.00101795981967404,1180,1311
"1014",2020-07-10,-0.0321172286690097,983,1070
"1015",2020-07-11,-0.0411450658622191,814,1088
"1016",2020-07-12,-0.0274038228332746,677,730
"1017",2020-07-13,-0.0425373815465958,930,1038
"1018",2020-07-14,-0.0507572898935535,851,911
"1019",2020-07-15,-0.0342440741136714,962,1069
"1020",2020-07-16,0.0402579159540183,1013,1132
"1021",2020-07-17,0.0359749662546477,1086,1194
"1022",2020-07-18,0.167580123526919,845,974
"1023",2020-07-19,0.286482733702563,1018,1195
"1024",2020-07-20,0.00606849118590991,1164,1269
"1025",2020-07-21,-0.030692912281191,1704,1970
"1026",2020-07-22,-0.0144903921038813,1209,1391
"1027",2020-07-23,-0.00242411190759332,1244,1938
"1028",2020-07-24,0.0497766300189672,1468,1703
"1029",2020-07-25,0.0319177945798029,941,1100
"1030",2020-07-26,0.233264675919992,1174,1360
"1031",2020-07-27,0.045038835277345,922,1089
"1032",2020-07-28,0.110351736142024,930,1090
"1033",2020-07-29,0.0244471756831943,1184,1416
"1034",2020-07-30,0.00260033927071802,1171,1430
"1035",2020-07-31,-0.0275690991121653,1334,1522
"1036",2020-08-01,0.0716296946635317,1207,1953
"1037",2020-08-02,0.0273399513826855,1341,1821
"1038",2020-08-03,0.0810294399918934,1345,1821
"1039",2020-08-04,0.138902786735244,1042,1675
"1040",2020-08-05,0.0666551461662837,1403,1651
"1041",2020-08-06,0.0210982803574897,1707,2176
"1042",2020-08-07,0.0170520695059065,1252,1509
"1043",2020-08-08,-0.0144754410080854,778,865
"1044",2020-08-09,-0.00899721348014722,662,712
"1045",2020-08-10,-0.0162860870577917,890,961
"1046",2020-08-11,-0.0263562081665203,1110,1148
"1047",2020-08-12,-0.0238251831108285,1278,1412
"1048",2020-08-13,-0.0290940634994472,1106,1151
"1049",2020-08-14,-0.0302330917789363,873,956
"1050",2020-08-15,-0.0297530020991828,576,598
"1051",2020-08-16,-0.0313486819831652,634,644
"1052",2020-08-17,-0.0259146289125088,711,727
"1053",2020-08-18,-0.0283069226557194,1930,2014
"1054",2020-08-19,-0.0158205869752733,2837,3054
"1055",2020-08-20,-0.0174776701954743,1495,1584
"1056",2020-08-21,-0.0339820704667421,1106,1120
"1057",2020-08-22,-0.051811977412551,1696,1736
"1058",2020-08-23,-0.0367146545790568,992,1062
"1059",2020-08-24,-0.0327397198139708,910,998
"1060",2020-08-25,-0.0438320882722929,866,968
"1061",2020-08-26,-0.0637865196074309,1069,1116
"1062",2020-08-27,-0.0624544398034854,1157,1214
"1063",2020-08-28,-0.0618652057623865,1013,1078
"1064",2020-08-29,-0.0800790556071259,1446,1536
"1065",2020-08-30,-0.0615496877637084,1022,1050
"1066",2020-08-31,-0.0719086140430047,1356,1403
"1067",2020-09-01,-0.0482772380282198,1223,1913
"1068",2020-09-02,-0.0536608569228735,1468,1837
"1069",2020-09-03,-0.0576673979113211,1223,1367
"1070",2020-09-04,-0.0542705562308858,992,1230
"1071",2020-09-05,-0.0224373065571899,831,871
"1072",2020-09-06,-0.0410567836475009,917,1025
"1073",2020-09-07,-0.0405772879239449,938,994
"1074",2020-09-08,-0.0466893194514599,2672,2779
"1075",2020-09-09,-0.0431483819671664,1475,1525
"1076",2020-09-10,-0.0469008843466414,1318,1372
"1077",2020-09-11,-0.0420489787098843,1749,1919
"1078",2020-09-12,-0.030557755127841,864,882
"1079",2020-09-13,-0.0400016934222322,735,790
"1080",2020-09-14,-0.0350174628891431,861,905
"1081",2020-09-15,-0.0301706041174016,975,1022
"1082",2020-09-16,-0.0397599711666325,711,740
"1083",2020-09-17,-0.0335214603684807,1286,1350
"1084",2020-09-18,-0.0421640560704438,877,936
"1085",2020-09-19,-0.0403964383800988,1604,1702
"1086",2020-09-20,-0.0329732654561772,3798,4088
"1087",2020-09-21,-0.0510501927829665,1660,1760
"1088",2020-09-22,-0.0199801173709975,1081,1199
"1089",2020-09-23,-0.0383726067065263,983,1035
"1090",2020-09-24,-0.0195145462984122,717,795
"1091",2020-09-25,-0.0680481078644019,609,669
"1092",2020-09-26,-0.0287529427375132,673,688
"1093",2020-09-27,-0.00769412826938598,666,783
"1094",2020-09-28,-0.00503880518735111,649,671
"1095",2020-09-29,-0.0102971073749201,1328,1387
"1096",2020-09-30,-0.0243470276147722,840,864
"1097",2020-10-01,-0.0304312596939788,719,1332
"1098",2020-10-02,-0.0333187890015835,815,1080
"1099",2020-10-03,-0.024186238080982,668,764
"1100",2020-10-04,0.0100596398070058,626,670
"1101",2020-10-05,-0.0243998645897689,669,940
"1102",2020-10-06,-0.015827993158131,637,702
"1103",2020-10-07,-0.0429543017203906,969,1090
"1104",2020-10-08,-0.027284873088528,985,1055
"1105",2020-10-09,-0.0345934191485858,1069,1127
"1106",2020-10-10,-0.0169568663935082,907,1008
"1107",2020-10-11,-0.0168738322408247,646,725
"1108",2020-10-12,-0.039778533218476,670,751
"1109",2020-10-13,-0.0114522458615154,797,888
"1110",2020-10-14,-0.0217155613627175,894,1044
"1111",2020-10-15,-0.00555308277238279,968,1075
"1112",2020-10-16,-0.00570401576741057,866,922
"1113",2020-10-17,-0.0245029442193627,791,899
"1114",2020-10-18,-0.00846951456113782,570,580
"1115",2020-10-19,-0.0381719554655082,692,757
"1116",2020-10-20,-0.0214763207402645,1145,1222
"1117",2020-10-21,-0.0358137726337762,1166,1212
"1118",2020-10-22,-0.0183617524438318,914,1022
"1119",2020-10-23,-0.0205049253443325,791,849
"1120",2020-10-24,-0.0226112771144964,561,621
"1121",2020-10-25,-0.0249778038132291,529,564
"1122",2020-10-26,-0.0292076808498661,694,705
"1123",2020-10-27,-0.0136556840222855,808,913
"1124",2020-10-28,-0.0217312972641067,662,739
"1125",2020-10-29,-0.00596866691463747,596,648
"1126",2020-10-30,-0.0322226614498103,629,661
"1127",2020-10-31,-0.0210838734196011,1023,1223
"1128",2020-11-01,-0.0189854806431272,651,1238
"1129",2020-11-02,-0.0124922378710618,848,1182
"1130",2020-11-03,-0.0232359642453144,797,1143
"1131",2020-11-04,-0.00498999334037795,579,695
"1132",2020-11-05,-0.0392928441947479,581,618
"1133",2020-11-06,-0.0543916671675534,703,735
"1134",2020-11-07,-0.0235201427389491,750,789
"1135",2020-11-08,-0.00187580357546125,685,703
"1136",2020-11-09,-0.021971836630992,790,830
"1137",2020-11-10,-0.0174689658068617,915,1013
"1138",2020-11-11,-0.0175551111172401,666,703
"1139",2020-11-12,-0.0243403811074027,683,738
"1140",2020-11-13,-0.0161654188879428,585,608
"1141",2020-11-14,-0.0245801769337299,487,516
"1142",2020-11-15,-0.0450101180706437,453,472
"1143",2020-11-16,-0.00739730737488841,515,547
"1144",2020-11-17,-0.0225172278092884,552,631
"1145",2020-11-18,-0.0542093573817491,535,550
"1146",2020-11-19,-0.011931840677824,578,657
"1147",2020-11-20,-0.00840254736630314,427,435
"1148",2020-11-21,-0.0352875374869002,391,437
"1149",2020-11-22,-0.00740763638040177,949,1116
"1150",2020-11-23,-0.0171860110617134,550,578
"1151",2020-11-24,-0.0501399607416092,689,747
"1152",2020-11-25,-0.0294266500942179,714,745
"1153",2020-11-26,-0.0119573773102474,502,534
"1154",2020-11-27,-0.0255542401949183,362,377
"1155",2020-11-28,-0.0056151487048385,428,449
"1156",2020-11-29,-0.0333015261605998,576,642
"1157",2020-11-30,-0.0300049320252548,473,528
"1158",2020-12-01,-0.0107516981733615,572,1071
"1159",2020-12-02,-0.00308237727097494,759,1116
"1160",2020-12-03,0.00321652020045735,600,712
"1161",2020-12-04,0.00144742102754565,542,628
"1162",2020-12-05,-0.0214735221120347,393,458
"1163",2020-12-06,-0.0365453539207902,423,489
"1164",2020-12-07,-0.0245268349388192,515,544
"1165",2020-12-08,-0.0301164516447324,526,624
"1166",2020-12-09,-0.023699414060526,596,644
"1167",2020-12-10,-0.0173413752676926,691,732
"1168",2020-12-11,-0.0215600824765207,659,701
"1169",2020-12-12,-0.0471506530232302,527,603
"1170",2020-12-13,-0.032376887655041,1116,1143
"1171",2020-12-14,-0.0443269125461869,1441,1684
"1172",2020-12-15,-0.0447011656648415,890,954
"1173",2020-12-16,-0.0476302964290112,822,1043
"1174",2020-12-17,-0.0237544897427055,668,708
"1175",2020-12-18,-0.0229038467730088,601,690
"1176",2020-12-19,-0.0514223146905946,464,484
"1177",2020-12-20,-0.021873157584509,386,388
"1178",2020-12-21,-0.0368432192244251,374,381
"1179",2020-12-22,-0.0266693313150485,433,476
"1180",2020-12-23,-0.0241027431367654,612,646
"1181",2020-12-24,-0.0195180494170597,465,514
"1182",2020-12-25,-0.0297222907177425,251,261
"1183",2020-12-26,-0.0429365230680009,322,342
"1184",2020-12-27,-0.0140300580557083,388,434
"1185",2020-12-28,-0.037734426669782,426,436
"1186",2020-12-29,-0.0294589998890269,502,607
"1187",2020-12-30,-0.0386911548285252,498,525
"1188",2020-12-31,-0.0267452229506015,417,428
"1189",2021-01-01,0.000788384041830753,512,832
"1190",2021-01-02,-0.0152190517565834,490,630
"1191",2021-01-03,-0.0475404984054073,449,523
"1192",2021-01-04,-0.0166053747027401,470,588
"1193",2021-01-05,-0.0106567604104203,536,598
"1194",2021-01-06,-0.0417072192203044,842,888
"1195",2021-01-07,-0.0535373925510164,524,568
"1196",2021-01-08,-0.0368008108132814,589,683
"1197",2021-01-09,-0.0286064337824208,541,573
"1198",2021-01-10,-0.0157394806756109,501,529
"1199",2021-01-11,-0.00750021918778936,772,830
"1200",2021-01-12,-0.0252814880566449,622,654
"1201",2021-01-13,-0.0215999344160501,524,549
"1202",2021-01-14,-0.0411330551700407,630,663
"1203",2021-01-15,-0.0149937400354966,591,624
"1204",2021-01-16,-0.0236188781857646,611,651
"1205",2021-01-17,-0.00342087807126088,546,560
"1206",2021-01-18,-0.0124575466083743,744,845
"1207",2021-01-19,-0.0341787013311613,751,771
"1208",2021-01-20,-0.0456439936167955,877,992
"1209",2021-01-21,-0.0350161751420911,784,831
"1210",2021-01-22,-0.0427988338859002,651,682
"1211",2021-01-23,-0.0346281583398663,575,711
"1212",2021-01-24,-0.0447253032023384,509,537
"1213",2021-01-25,-0.0419372908846081,578,600
"1214",2021-01-26,-0.033524335599394,554,591
"1215",2021-01-27,-0.0264836628992294,524,574
"1216",2021-01-28,-0.0208411496124343,481,518
"1217",2021-01-29,-0.0148834545201139,570,615
"1218",2021-01-30,-0.0187290472883999,407,415
"1219",2021-01-31,-0.0293919356751909,483,491
"1220",2021-02-01,-0.0302235628755555,849,953
"1221",2021-02-02,-0.0369273169080345,3100,3373
"1222",2021-02-03,-0.031546895257425,1370,1436
"1223",2021-02-04,-0.0354439770212707,977,1040
"1224",2021-02-05,-0.0278062679955228,770,854
"1225",2021-02-06,-0.00554737509672677,636,785
"1226",2021-02-07,-0.0540925674922022,588,919
"1227",2021-02-08,-0.02766050521273,609,629
"1228",2021-02-09,-0.054896082076739,657,709
"1229",2021-02-10,-0.0250278237905329,880,951
"1230",2021-02-11,-0.00355833759211907,657,684
"1231",2021-02-12,-0.0219581566574517,717,728
"1232",2021-02-13,-0.042256127779606,597,618
"1233",2021-02-14,-0.0442355966219789,465,482
"1234",2021-02-15,-0.0246755055030236,553,598
"1235",2021-02-16,-0.0299648871063444,631,1254
"1236",2021-02-17,-0.0139791102379777,2800,5795
"1237",2021-02-18,-0.0184287107103828,1027,1123
"1238",2021-02-19,-0.0292756154014028,858,940
"1239",2021-02-20,-0.0164900486977971,666,751
"1240",2021-02-21,-0.0290313416937603,587,608
"1241",2021-02-22,-0.0366043777854906,785,840
"1242",2021-02-23,-0.0509552548908739,698,764
"1243",2021-02-24,-0.0389952361715397,1182,1259
"1244",2021-02-25,-0.0528486281829032,2076,2152
"1245",2021-02-26,-0.0283811940988707,1192,1234
"1246",2021-02-27,-0.0342279591891457,749,771
"1247",2021-02-28,-0.0445076274333126,2840,2951
"1248",2021-03-01,-0.0447766984938391,1766,3080
"1249",2021-03-02,-0.0588193824791888,2634,4645
"1250",2021-03-03,-0.0485806224736302,2318,2508
"1251",2021-03-04,-0.0444671039337786,1513,1763
"1252",2021-03-05,-0.0385539147950673,1376,1687
"1253",2021-03-06,-0.0259245980269548,1049,1658
"1254",2021-03-07,-0.108090712846267,2154,14299
"1255",2021-03-08,-0.0986084922275895,2710,14183
"1256",2021-03-09,-0.0642329631264347,1435,1580
"1257",2021-03-10,-0.0578202167764597,1242,1427
"1258",2021-03-11,-0.0410621187237788,2103,2283
"1259",2021-03-12,-0.0444936187574514,2319,2478
"1260",2021-03-13,-0.0636596287835088,1849,3477
"1261",2021-03-14,-0.0758150628944601,1739,9534
"1262",2021-03-15,-0.0370420648777583,1797,2634
"1263",2021-03-16,-0.0438259323293149,1316,1449
"1264",2021-03-17,-0.0345711283265198,1159,1233
"1265",2021-03-18,-0.0419193695100657,953,1177
"1266",2021-03-19,-0.0505400920730019,957,985
"1267",2021-03-20,-0.0272756651313915,853,907
"1268",2021-03-21,-0.0420562129254262,684,691
"1269",2021-03-22,-0.0259323366773651,682,716
"1270",2021-03-23,-0.0336708648232895,838,885
"1271",2021-03-24,-0.027488640950487,1041,1143
"1272",2021-03-25,-0.0329367949330881,959,1897
"1273",2021-03-26,-0.0320305306855067,747,775
"1274",2021-03-27,-0.0381436887070118,721,772
"1275",2021-03-28,-0.0370004815620309,683,716
"1276",2021-03-29,-0.0444445246739875,820,955
"1277",2021-03-30,-0.0227052473224879,768,799
"1278",2021-03-31,-0.00873666558991161,849,890
"1279",2021-04-01,-0.0257206417809599,823,1437
"1280",2021-04-02,-0.0181082962198655,848,2728
"1281",2021-04-03,-0.0354916062674835,609,886
"1282",2021-04-04,-0.0342529682482479,472,521
"1283",2021-04-05,-0.00661735983153966,673,842
"1284",2021-04-06,-0.0036762626122899,684,806
"1285",2021-04-07,-0.0236092925866788,797,855
"1286",2021-04-08,-0.0284055415550603,777,909
"1287",2021-04-09,-0.00790496519185379,628,681
"1288",2021-04-10,-0.0185133614048796,494,530
"1289",2021-04-11,-0.0266998039030965,458,566
"1290",2021-04-12,-0.0363822871969083,549,571
"1291",2021-04-13,-0.0367622639254365,615,649
"1292",2021-04-14,-0.0360776964251676,638,1675
"1293",2021-04-15,-0.0244218693112462,558,586
"1294",2021-04-16,-0.02806256134193,607,632
"1295",2021-04-17,-0.0455005956357245,377,393
"1296",2021-04-18,-0.0485337495083872,438,469
"1297",2021-04-19,-0.0258486931761216,412,448
"1298",2021-04-20,-0.0107103294721618,552,588
"1299",2021-04-21,-0.0350037048013239,500,518
"1300",2021-04-22,-0.00789428103353857,497,530
"1301",2021-04-23,-0.01080189320245,541,671
"1302",2021-04-24,-0.00489873907067655,456,505
"1303",2021-04-25,-0.0318923777497792,402,411
"1304",2021-04-26,-0.0127015756353097,528,557
"1305",2021-04-27,-0.0334787758412637,903,928
"1306",2021-04-28,-0.0113530023689401,738,767
"1307",2021-04-29,-0.0292116198048815,840,875
"1308",2021-04-30,-0.0249458835554777,1146,1167
"1309",2021-05-01,-0.0186677144310187,705,972
"1310",2021-05-02,-0.0366438832873023,441,828
"1311",2021-05-03,-0.00211092108696111,523,738
"1312",2021-05-04,-0.0405423125530774,540,609
"1313",2021-05-05,-0.0204145528661574,527,643
"1314",2021-05-06,-0.0274284774582582,551,663
"1315",2021-05-07,-0.0177983706090681,560,668
"1316",2021-05-08,-0.0406933120983491,470,559
"1317",2021-05-09,-0.0145455245638426,339,485
"1318",2021-05-10,-0.0214945572222508,539,564
"1319",2021-05-11,0.00166696724220886,465,480
"1320",2021-05-12,-4.79544554707084e-05,568,692
"1321",2021-05-13,-0.00615815789065585,461,493
"1322",2021-05-14,-0.0162996958203443,444,447
"1323",2021-05-15,-0.0240699310251558,431,486
"1324",2021-05-16,-0.0250093350522339,482,494
"1325",2021-05-17,-0.0383622786213989,650,662
"1326",2021-05-18,-0.0339718975990562,527,548
"1327",2021-05-19,-0.0201168383074742,527,566
"1328",2021-05-20,-0.0258857646916556,558,758
"1329",2021-05-21,-0.0259047322762404,673,729
"1330",2021-05-22,-0.0415427777896102,471,500
"1331",2021-05-23,-0.0318350094287451,459,479
"1332",2021-05-24,-0.00561180319188997,777,798
"1333",2021-05-25,-0.0200548560375073,570,632
"1334",2021-05-26,0.0114247921691666,511,545
"1335",2021-05-27,-0.0132564834806372,663,708
"1336",2021-05-28,-0.0253677499028021,845,885
"1337",2021-05-29,-0.019460504923564,581,590
"1338",2021-05-30,-0.0315066650060276,395,398
"1339",2021-06-01,-0.00688581737225428,442,815
"1340",2021-06-02,-0.052088349517013,471,654
"1341",2021-06-03,-0.0315962529465465,454,607
"1342",2021-06-04,-0.0277320944835576,477,529
"1343",2021-06-05,-0.0352786101804256,409,444
"1344",2021-06-06,-0.00916198078635467,376,410
"1345",2021-06-07,0.00617485782218017,423,469
"1346",2021-06-08,-0.0431435359424913,559,1484
"1347",2021-06-09,-0.0506665465132574,589,644
"1348",2021-06-10,-0.0119623699141929,657,891
"1349",2021-06-11,-0.00332473494324721,678,773
"1350",2021-06-12,-0.0871685730339803,546,594
"1351",2021-06-13,-0.0322521824535655,395,419
"1352",2021-06-14,-0.0383579061764742,481,514
"1353",2021-06-15,-0.0201151794251914,554,575
"1354",2021-06-16,-0.0536883404340317,579,606
"1355",2021-06-17,-0.0279557940417611,467,483
"1356",2021-06-18,-0.0362782190098679,462,561
"1357",2021-06-19,-0.0270392384402341,352,567
"1358",2021-06-20,-0.0499950480595503,353,372
"1359",2021-06-21,-0.0213775572179689,439,453
"1360",2021-06-22,-0.0252796191603016,506,534
"1361",2021-06-23,-0.00913339155143329,491,510
"1362",2021-06-24,-0.016917198174455,546,599
"1363",2021-06-25,-0.0245893262049786,464,483
"1364",2021-06-26,-0.0166811633942246,433,441
"1365",2021-06-27,-0.0261169646263737,349,369
"1366",2021-06-28,-0.0290744190376964,459,460
"1367",2021-06-29,-0.0142221619322971,491,497
"1368",2021-06-30,-0.0649802063235275,4694,4903
"1369",2021-07-01,-0.0521664768186803,2896,3574
"1370",2021-07-02,-0.0732832862876437,1126,1346
"1371",2021-07-03,-0.0268075704876319,686,740
"1372",2021-07-04,-0.0185592205800914,579,666
"1373",2021-07-05,-0.0703923640289384,613,647
"1374",2021-07-06,-0.0264139780557755,655,699
"1375",2021-07-07,-0.0278084774308791,635,668
"1376",2021-07-08,-0.00976823268070278,515,598
"1377",2021-07-09,-0.00803332124152791,526,587
"1378",2021-07-10,-0.0596369001120404,585,675
"1379",2021-07-11,-0.0108481792874475,441,545
"1380",2021-07-12,-0.013345288403007,499,677
"1381",2021-07-13,-0.0139825077308975,530,738
"1382",2021-07-14,-0.0194500173108067,541,588
"1383",2021-07-15,-0.0352879515589514,550,616
"1384",2021-07-16,-0.0365373266021294,507,524
"1385",2021-07-17,-0.0362679149415744,367,371
"1386",2021-07-18,-0.050310714352027,377,392
"1387",2021-07-19,-0.0446737570672952,419,434
"1388",2021-07-20,-0.0371586008282463,507,556
"1389",2021-07-21,-0.0107079487236482,541,559
"1390",2021-07-22,-0.0240124613007528,696,744
"1391",2021-07-23,-0.0313776007337766,644,784
"1392",2021-07-24,-0.044158360818274,506,553
"1393",2021-07-25,-0.035973565369635,432,460
"1394",2021-07-26,-0.024688416529064,523,565
"1395",2021-07-27,-0.0574007264036187,556,573
"1396",2021-07-28,-0.0362181304421186,612,720
"1397",2021-07-29,-0.0359168567571467,522,570
"1398",2021-07-30,-0.0489776162428509,538,620
"1399",2021-07-31,-0.0812969076965614,452,544
"1400",2021-08-01,-0.0396873999623375,472,1090
"1401",2021-08-02,-0.0404388774111259,522,716
"1402",2021-08-03,-0.0441083975627983,3014,3582
"1403",2021-08-04,-0.0404791781581931,1931,2566
"1404",2021-08-05,-0.0568502199640421,1176,1323
"1405",2021-08-06,-0.0504009857711853,919,1043
"1406",2021-08-07,-0.0370855176641116,729,823
"1407",2021-08-08,-0.0458525370263435,625,677
"1408",2021-08-09,-0.0465269046964707,851,922
"1409",2021-08-10,-0.0394547471371833,2050,2201
"1410",2021-08-11,-0.0491578841195401,1540,1781
"1411",2021-08-12,-0.0306472415951522,906,1110
"1412",2021-08-13,-0.0534844642802518,718,798
"1413",2021-08-14,-0.0535807388908451,610,645
"1414",2021-08-15,-0.0670452169493194,605,630
"1415",2021-08-16,-0.0446875372060052,725,748
"1416",2021-08-17,-0.033888571156248,783,816
"1417",2021-08-18,-0.0412190992472848,674,704
"1418",2021-08-19,-0.0238943775719373,643,757
"1419",2021-08-20,-0.0330672072938679,658,761
"1420",2021-08-21,-0.0589582472246131,476,494
"1421",2021-08-22,-0.0461844559539612,533,538
"1422",2021-08-23,-0.0194064477109154,507,521
"1423",2021-08-24,-0.0565420459985457,610,632
"1424",2021-08-25,-0.0554692668257357,568,594
"1425",2021-08-26,-0.0148752861618914,578,608
"1426",2021-08-27,-0.0306917420509693,569,597
"1427",2021-08-28,-0.0224010035692344,438,487
"1428",2021-08-29,-0.0380881887917792,469,490
"1429",2021-08-30,-0.0309979162778307,573,684
"1430",2021-08-31,-0.0414642790045173,605,626
"1431",2021-09-01,-0.032422132717938,830,1556
"1432",2021-09-02,-0.028791275900947,789,919
"1433",2021-09-03,-0.0301011447485576,756,945
"1434",2021-09-04,-0.0502715497437911,590,623
"1435",2021-09-05,-0.0479000214070861,544,580
"1436",2021-09-06,-0.0125567989056186,536,560
"1437",2021-09-07,-0.0735722538775899,717,1187
"1438",2021-09-08,-0.0380898662559669,645,703
"1439",2021-09-09,-0.0455186793117548,537,591
"1440",2021-09-10,-0.0333844319875863,566,799
"1441",2021-09-11,-0.0214370971921042,486,624
"1442",2021-09-12,-0.0208823057299635,618,664
"1443",2021-09-13,-0.0250812127633684,890,938
"1444",2021-09-14,-0.0345219392816333,707,855
"1445",2021-09-15,-0.0202574298567888,1141,1371
"1446",2021-09-16,-0.0157124853083555,776,831
"1447",2021-09-17,-0.00545774679186299,692,728
"1448",2021-09-18,-0.0207969987437084,547,568
"1449",2021-09-19,-0.00619512188015961,1473,1644
"1450",2021-09-20,-0.0155640942788229,1208,1349
"1451",2021-09-21,-0.0311630575363493,541,568
"1452",2021-09-22,-0.0447813281527267,609,635
"1453",2021-09-23,-0.0472506009642512,538,671
"1454",2021-09-24,-0.0023964746506408,1251,2500
"1455",2021-09-25,-0.0188141838812304,709,986
"1456",2021-09-26,-0.0387028325148836,447,957
"1457",2021-09-27,-0.00423487822468116,845,1846
"1458",2021-09-28,0.000346703009452681,831,1802
"1459",2021-09-29,-0.0151646975262262,671,719
"1460",2021-09-30,-0.0304155864058049,604,704
"1461",2021-10-01,-0.0309181800925066,757,1840
"1462",2021-10-02,-0.025130265408621,561,700
"1463",2021-10-03,-0.0297717986483733,467,483
"1464",2021-10-04,-0.0466948799188835,586,645
"1465",2021-10-05,-0.0338838447960409,579,617
"1466",2021-10-06,-0.0330479783886238,501,736
"1467",2021-10-07,-0.0169350370662576,464,519
"1468",2021-10-08,-0.0231428272523633,475,512
"1469",2021-10-09,-0.0240258896610021,374,423
"1470",2021-10-10,-0.0607415908680774,350,366
"1471",2021-10-11,-0.0101298204194257,505,523
"1472",2021-10-12,-0.0433237035187193,473,500
"1473",2021-10-13,-0.0229224948062892,514,565
"1474",2021-10-14,-0.0376267169727994,553,576
"1475",2021-10-15,-0.0165343270545912,624,731
"1476",2021-10-16,-0.0214478197939682,513,593
"1477",2021-10-17,-0.0354717131882794,461,629
"1478",2021-10-18,-0.0301033453379908,543,640
"1479",2021-10-19,-0.0218068369522892,589,621
"1480",2021-10-20,-0.0305837438459998,688,1379
"1481",2021-10-21,-0.0291377823805757,540,558
"1482",2021-10-22,-0.0346013984366818,522,1080
"1483",2021-10-23,-0.0501391263936663,379,522
"1484",2021-10-24,-0.00274380949248505,411,558
"1485",2021-10-25,-0.0230735854951468,437,480
"1486",2021-10-26,-0.0444468650876859,790,798
"1487",2021-10-27,-0.0549258079269233,857,886
"1488",2021-10-28,-0.0161970359445532,662,704
"1489",2021-10-29,-0.0273761178336295,627,674
"1490",2021-10-30,-0.0280429474597367,458,470
"1491",2021-10-31,0.00641116281429213,365,371
"1492",2021-11-01,-0.031400561993765,444,1277
"1493",2021-11-02,-0.0378633617481168,508,677
"1494",2021-11-03,-0.0427244238573036,647,815
"1495",2021-11-04,-0.0645214731404199,672,816
"1496",2021-11-05,-0.040403200560315,798,912
"1497",2021-11-06,-0.0221791743449657,553,613
"1498",2021-11-07,-0.0300301469990877,448,503
"1499",2021-11-08,-0.00840827390605853,389,436
"1500",2021-11-09,-0.0414529463732549,487,522
"1501",2021-11-10,-0.0194207388421176,485,548
"1502",2021-11-11,-0.0416406204847792,476,544
"1503",2021-11-12,-0.0274472989954647,486,544
"1504",2021-11-13,-0.0348183344347929,346,372
"1505",2021-11-14,-0.0446458326770812,339,358
"1506",2021-11-15,-0.0280806189687019,437,463
"1507",2021-11-16,-0.0349023242035712,581,608
"1508",2021-11-17,-0.0576416560530328,670,749
"1509",2021-11-18,-0.0544016754454085,815,974
"1510",2021-11-19,-0.0372076537057503,948,1097
"1511",2021-11-20,-0.042402621409756,678,870
"1512",2021-11-21,-0.0355271096167727,661,915
"1513",2021-11-22,-0.0345726769487394,640,764
"1514",2021-11-23,-0.0599059979791573,661,729
"1515",2021-11-24,-0.0727869077319748,574,700
"1516",2021-11-25,-0.0422279929867196,588,759
"1517",2021-11-26,-0.0559722203542024,429,553
"1518",2021-11-27,-0.0297314184986944,401,443
"1519",2021-11-28,-0.0409295344477588,367,409
"1520",2021-11-29,-0.0371982380373225,599,638
"1521",2021-11-30,-0.037541775809672,839,896
"1522",2021-12-01,-0.043413395223609,954,1650
"1523",2021-12-02,-0.0340008612468399,818,1100
"1524",2021-12-03,-0.0343382858283499,669,882
"1525",2021-12-04,-0.0630413173931636,812,938
"1526",2021-12-05,-0.0421382186736878,970,1033
"1527",2021-12-06,-0.0388674768622744,579,631
"1528",2021-12-07,-0.0297087636581185,532,555
"1529",2021-12-08,-0.0434882820856541,553,940
"1530",2021-12-09,-0.0384514497632846,573,607
"1531",2021-12-10,-0.0345381498232819,508,557
"1532",2021-12-11,-0.00804607795151206,518,638
"1533",2021-12-12,-0.0481134148386425,437,460
"1534",2021-12-13,-0.0851250259048385,585,671
"1535",2021-12-14,-0.0419304337391882,501,533
"1536",2021-12-15,-0.0478529774662956,517,558
"1537",2021-12-16,-0.0752554594756736,612,677
"1538",2021-12-17,-0.0596417750181813,642,668
"1539",2021-12-18,-0.0354531949203614,449,499
"1540",2021-12-19,-0.0489070742042331,421,463
"1541",2021-12-20,-0.07246946497888,559,580
"1542",2021-12-21,-0.0480055021736576,568,611
"1543",2021-12-22,-0.0594591215975039,473,527
"1544",2021-12-23,-0.048626576943762,414,424
"1545",2021-12-24,-0.0925133917744627,353,373
"1546",2021-12-25,-0.00910581906081651,231,491
"1547",2021-12-26,-0.0342799389930445,323,341
"1548",2021-12-27,-0.0385006664755801,371,415
"1549",2021-12-28,-0.0813671323799798,456,698
"1550",2021-12-29,-0.0476988708598233,518,890
"1551",2021-12-30,-0.00793462580977948,814,834
"1552",2021-12-31,-0.0323541326110223,581,592
"1553",2022-01-01,-0.0322015333148621,315,802
"1554",2022-01-02,-0.0349487999927878,372,441
"1555",2022-01-03,-0.0428459293908873,463,668
"1556",2022-01-04,-0.0448423641176651,550,746
"1557",2022-01-05,-0.0566192400069847,445,675
"1558",2022-01-06,-0.0393512632856765,402,429
"1559",2022-01-07,-0.0417053302293805,438,607
"1560",2022-01-08,-0.0481810450741027,352,384
"1561",2022-01-09,-0.0555786172759305,317,365
"1562",2022-01-10,-0.0507138611004357,348,358
"1563",2022-01-11,-0.0378001647146575,401,428
"1564",2022-01-12,-0.0605701427846351,481,511
"1565",2022-01-13,-0.0387365521533784,515,541
"1566",2022-01-14,-0.0725400417787504,471,497
"1567",2022-01-15,-0.0732997485260584,378,415
"1568",2022-01-16,-0.0779643120148215,350,358
"1569",2022-01-17,-0.0409606669643367,512,531
"1570",2022-01-18,-0.0549903223979953,475,488
"1571",2022-01-19,-0.0613210956721155,507,591
"1572",2022-01-20,-0.0483052141511459,577,593
"1573",2022-01-21,-0.0464767651006274,504,528
"1574",2022-01-22,-0.0230879845318434,462,477
"1575",2022-01-23,-0.0612927383545173,426,487
"1576",2022-01-24,-0.0573078898145866,446,479
"1577",2022-01-25,-0.0435902505031155,493,527
"1578",2022-01-26,-0.0555450667143009,490,563
"1579",2022-01-27,-0.0466320045895443,580,609
"1580",2022-01-28,-0.0489633886508838,528,558
"1581",2022-01-29,-0.0908048630827886,409,456
"1582",2022-01-30,-0.0656652678926815,438,442
"1583",2022-01-31,-0.071533434140442,514,860
"1584",2022-02-01,-0.0423068763541045,539,1089
"1585",2022-02-02,-0.0411450692626644,641,804
"1586",2022-02-03,-0.0296011798666729,549,622
"1587",2022-02-04,-0.0403203706604945,477,564
"1588",2022-02-05,-0.0390351641331172,407,452
"1589",2022-02-06,-0.0425250513462915,531,655
"1590",2022-02-07,-0.0691044749560165,625,1169
"1591",2022-02-08,-0.0793529793924025,665,776
"1592",2022-02-09,-0.0115182458307581,653,681
"1593",2022-02-10,-0.0348685489846896,874,1192
"1594",2022-02-11,-0.0497703522335814,748,807
"1595",2022-02-12,-0.077730877726735,498,544
"1596",2022-02-13,-0.0509786557857473,427,459
"1597",2022-02-14,-0.0360291878158692,489,523
"1598",2022-02-15,-0.0633798745015196,551,592
"1599",2022-02-16,-0.0516318021072428,545,994
"1600",2022-02-17,-0.0443196362224058,463,489
"1601",2022-02-18,-0.0568041178028144,520,568
"1602",2022-02-19,-0.0324257102004399,447,475
"1603",2022-02-20,-0.0346698985559322,405,421
"1604",2022-02-21,-0.0355520693889928,451,462
"1605",2022-02-22,-0.0579724821564473,449,483
"1606",2022-02-23,-0.0509180464092808,498,504
"1607",2022-02-24,-0.0615129543213518,453,460
"1608",2022-02-25,-0.0755214798146326,511,530
"1609",2022-02-26,-0.047584766381196,412,425
"1610",2022-02-27,-0.0582642888186211,351,373
"1611",2022-02-28,-0.0609825436640649,406,419
"1612",2022-03-01,-0.0487020222292016,383,780
"1613",2022-03-02,-0.0403762856560849,422,568
"1614",2022-03-03,-0.0382650750756781,492,592
"1615",2022-03-04,-0.0648235987851985,451,496
"1616",2022-03-05,-0.0515830432865476,399,440
"1617",2022-03-06,-0.0548811913272345,369,398
"1618",2022-03-07,-0.0380133552690473,537,589
"1619",2022-03-08,-0.0257891367911893,690,729
"1620",2022-03-09,-0.059635581057479,571,643
"1621",2022-03-10,-0.0532510818427751,371,404
"1622",2022-03-11,-0.0401839020951012,420,450
"1623",2022-03-12,-0.0489598112663929,409,419
"1624",2022-03-13,-0.0511825135292498,337,358
"1625",2022-03-14,-0.0390696955440997,427,448
"1626",2022-03-15,-0.044823096081671,524,578
"1627",2022-03-16,-0.0577218689422944,542,568
"1628",2022-03-17,-0.0372082811744806,471,490
"1629",2022-03-18,-0.0386203361677224,655,805
"1630",2022-03-19,-0.0276687618616083,519,543
"1631",2022-03-20,-0.0399107917077842,457,632
"1632",2022-03-21,-0.0548690370380416,482,537
"1633",2022-03-22,-0.0168375004952258,487,607
"1634",2022-03-23,-0.0731646202905331,480,511
"1635",2022-03-24,-0.00446627124281474,404,422
"1636",2022-03-25,-0.02921740570079,496,601
"1637",2022-03-26,-0.0442390621059472,382,392
"1638",2022-03-27,-0.0440227545987002,293,313
"1639",2022-03-28,-0.0396404136843002,932,997
"1640",2022-03-29,-0.0653893691645101,628,769
"1641",2022-03-30,-0.0642339965665981,502,760
"1642",2022-03-31,-0.0676968233352871,503,531
"1643",2022-04-01,-0.069593383000189,420,620
"1644",2022-04-02,-0.0791225809690411,460,544
"1645",2022-04-03,-0.061311196254795,342,376
"1646",2022-04-04,-0.029748327201826,524,633
"1647",2022-04-05,-0.0454245417783673,434,515
"1648",2022-04-06,-0.0483370052192152,530,629
"1649",2022-04-07,-0.0461380157673028,448,491
"1650",2022-04-08,-0.0509904971677565,487,518
"1651",2022-04-09,-0.101847941867082,422,452
"1652",2022-04-10,-0.050117769933712,342,370
"1653",2022-04-11,-0.0500330167729455,517,569
"1654",2022-04-12,-0.0947660750440505,467,522
"1655",2022-04-13,-0.0573735074964181,487,511
"1656",2022-04-14,-0.0488640830570931,564,684
"1657",2022-04-15,-0.0739327159990246,509,544
"1658",2022-04-16,-0.080223381272064,454,594
"1659",2022-04-17,-0.0612352862095238,359,369
"1660",2022-04-18,-0.0433087064929486,410,440
"1661",2022-04-19,-0.032650674075733,544,578
"1662",2022-04-20,-0.0492231885381391,701,731
"1663",2022-04-21,-0.0239906836032063,844,870
"1664",2022-04-22,-0.0436474179472616,655,688
"1665",2022-04-23,-0.0639616399515113,640,672
"1666",2022-04-24,-0.0585413666661379,569,586
"1667",2022-04-25,-0.0537272260115299,694,759
"1668",2022-04-26,-0.0440861411594835,764,804
"1669",2022-04-27,-0.0432262710276272,792,824
"1670",2022-04-28,-0.0552324933882756,732,762
"1671",2022-04-29,-0.0750719936033312,764,781
"1672",2022-04-30,-0.0633788179978658,639,708
"1673",2022-05-01,-0.07356441624918,572,838
"1674",2022-05-02,-0.0749063699351204,659,840
"1675",2022-05-03,-0.0545566462558695,1176,1308
"1676",2022-05-04,-0.0645757322898822,1021,1137
"1677",2022-05-05,-0.0778716817381118,1086,1126
"1678",2022-05-06,-0.0842456546176494,915,972
"1679",2022-05-07,-0.0692897359853877,769,848
"1680",2022-05-08,-0.0831229504624669,667,736
"1681",2022-05-09,-0.0751605459773469,759,810
"1682",2022-05-10,-0.0748000117146386,681,746
"1683",2022-05-11,-0.0585206725116025,671,779
"1684",2022-05-12,-0.0882740497313125,615,679
"1685",2022-05-13,-0.0528280906061946,629,667
"1686",2022-05-14,-0.0566369422907356,547,592
"1687",2022-05-15,-0.0657205638665243,510,554
"1688",2022-05-16,-0.0458395145277388,709,740
"1689",2022-05-17,-0.0641412352166021,704,761
"1690",2022-05-18,-0.0561067218402459,876,1033
"1691",2022-05-19,-0.0553926655471459,2006,2151
"1692",2022-05-20,-0.0621626563146161,2922,3039
"1693",2022-05-21,-0.0654083413728857,1437,1498
"1694",2022-05-22,-0.0734778440970452,3394,3567
"1695",2022-05-23,-0.0647714115636451,2005,2105
"1696",2022-05-24,-0.0667137373562334,1181,1220
"1697",2022-05-25,-0.0644649506273466,949,1007
"1698",2022-05-26,-0.0622334761534133,1189,1250
"1699",2022-05-27,-0.0502222740232946,1794,1938
"1700",2022-05-28,-0.0637444152348343,1434,1540
"1701",2022-05-29,-0.0665632020869752,1620,1678
"1702",2022-05-30,-0.0667021396719581,2042,2076
"1703",2022-06-01,-0.0546663722604104,5016,5261
"1704",2022-06-02,-0.0536560440164875,6153,6604
"1705",2022-06-03,-0.0648751756075455,2638,3033
"1706",2022-06-04,-0.060441880053951,1522,1682
"1707",2022-06-05,-0.0631311250983997,1166,1222
"1708",2022-06-06,-0.0570656423571118,964,1026
"1709",2022-06-07,-0.0539481134698264,858,897
"1710",2022-06-08,-0.0544691773875541,1095,1414
"1711",2022-06-09,-0.0512755806992339,868,888
"1712",2022-06-10,-0.0696057552349454,771,799
"1713",2022-06-11,-0.0736387435002444,715,752
"1714",2022-06-12,-0.0529537829261057,672,810
"1715",2022-06-13,-0.0730248361320777,753,826
"1716",2022-06-14,-0.0708697450359177,763,828
"1717",2022-06-15,-0.0830730848823606,703,819
"1718",2022-06-16,-0.0772554615485486,590,611
"1719",2022-06-17,-0.0462987674181812,676,752
"1720",2022-06-18,-0.0560138365308374,667,758
"1721",2022-06-19,-0.0706333852822484,476,568
"1722",2022-06-20,-0.0807784307709221,489,521
"1723",2022-06-21,-0.0484255944651845,455,471
"1724",2022-06-22,-0.0951347000800089,618,638
"1725",2022-06-23,-0.0324355931926485,580,601
"1726",2022-06-24,-0.0662989075271685,550,574
"1727",2022-06-25,-0.0683859148075108,577,599
"1728",2022-06-26,-0.0398361279128728,442,471
"1729",2022-06-27,-0.0688663911212349,525,582
"1730",2022-06-28,-0.0533844256351891,519,525
"1731",2022-06-29,-0.0450588121745736,641,650
"1732",2022-06-30,-0.039285223395094,535,640
"1733",2022-07-01,-0.0272734777600008,442,628
"1734",2022-07-02,-0.0673582332697195,417,470
"1735",2022-07-03,-0.0371356312572186,433,496
"1736",2022-07-04,-0.0424210381307142,444,497
"1737",2022-07-05,-0.0681648552283635,400,494
"1738",2022-07-06,-0.0602762088049204,469,583
"1739",2022-07-07,-0.045332973835352,456,547
"1740",2022-07-08,-0.0671395954784751,426,497
"1741",2022-07-09,-0.118521830170202,397,477
"1742",2022-07-10,-0.0535225852977009,362,396
"1743",2022-07-11,-0.0761879066492291,422,466
"1744",2022-07-12,-0.065030915067482,362,376
"1745",2022-07-13,-0.0793988463614986,471,492
"1746",2022-07-14,-0.0492360219079997,512,550
"1747",2022-07-15,-0.0625317590579914,449,475
"1748",2022-07-16,-0.0372160588970774,336,355
"1749",2022-07-17,-0.0748691257558711,332,359
"1750",2022-07-18,-0.0569605080316615,356,654
"1751",2022-07-19,-0.0738315457269637,380,424
"1752",2022-07-20,-0.0711719516790245,392,508
"1753",2022-07-21,-0.036530787033484,361,423
"1754",2022-07-22,-0.0506868185603169,399,462
"1755",2022-07-23,-0.0643257662649898,360,392
"1756",2022-07-24,-0.00725231518297235,265,320
"1757",2022-07-25,-0.0642173421082961,378,394
"1758",2022-07-26,-0.0269373255403988,322,359
"1759",2022-07-27,-0.0382374956812972,371,1168
"1760",2022-07-28,-0.0210729741062432,339,351
"1761",2022-07-29,-0.0652609470148682,384,662
"1762",2022-07-30,-0.0801656798982618,312,736
"1763",2022-07-31,-0.0978506943824948,292,295
"1764",2022-08-01,-0.0774632190336592,472,672
"1765",2022-08-02,-0.0807433193831936,457,507
"1766",2022-08-03,-0.0618554666082244,354,395
"1767",2022-08-04,-0.0153023146063088,348,397
"1768",2022-08-05,-0.0525980110674951,390,446
"1769",2022-08-06,-0.0831249568299855,362,377
"1770",2022-08-07,-0.0531336918100938,377,410
"1771",2022-08-08,-0.0539264388014078,346,363
"1772",2022-08-09,-0.046840414666498,362,396
"1773",2022-08-10,-0.0328473944132627,447,594
"1774",2022-08-11,-0.0566238285868695,495,623
"1775",2022-08-12,-0.0805742324900111,442,476
"1776",2022-08-13,-0.0776459259449306,372,385
"1777",2022-08-14,-0.0484841164061304,338,371
"1778",2022-08-15,-0.068067223954783,397,464
"1779",2022-08-16,-0.0520485075382756,348,358
"1780",2022-08-17,-0.0536972638765275,453,474
"1781",2022-08-18,-0.0838290821525509,503,511
"1782",2022-08-19,-0.040820865217339,479,484
"1783",2022-08-20,-0.046924941677585,391,412
"1784",2022-08-21,-0.0836236870948625,331,341
"1785",2022-08-22,-0.0728500891585115,319,332
"1786",2022-08-23,-0.057705840026946,337,348
"1787",2022-08-24,-0.0797501140748105,441,449
"1788",2022-08-25,-0.0528718359589938,440,464
"1789",2022-08-26,-0.0514203190304417,455,471
"1790",2022-08-27,-0.0476894937689225,333,344
"1791",2022-08-28,-0.0759126491203526,399,411
"1792",2022-08-29,-0.0599361590283759,555,566
"1793",2022-08-30,-0.0613326922710189,382,387
"1794",2022-08-31,-0.0702127012994749,424,440
"1795",2022-09-01,-0.0435277733354831,386,1005
"1796",2022-09-02,-0.0414685606952185,392,538
"1797",2022-09-03,-0.0478579357682802,334,465
"1798",2022-09-04,-0.0637295174703612,326,371
"1799",2022-09-05,-0.0707497810728714,359,429
"1800",2022-09-06,-0.0722380489473914,344,387
"1801",2022-09-07,-0.0653174174330293,360,383
"1802",2022-09-08,-0.0598739380402491,332,360
"1803",2022-09-09,-0.0960135169129947,252,265
"1804",2022-09-10,-0.0658235123193411,256,313
"1805",2022-09-11,-0.0955148650285245,226,233
"1806",2022-09-12,-0.026289868754685,313,380
"1807",2022-09-13,-0.0299374342325379,322,367
"1808",2022-09-14,-0.0450773227434056,361,511
"1809",2022-09-15,-0.035343862149246,313,337
"1810",2022-09-16,-0.0371522026049428,299,306
"1811",2022-09-17,-0.0448515800616042,249,962
"1812",2022-09-18,-0.0494840684857404,272,278
"1813",2022-09-19,-0.0604699636123987,282,288
"1814",2022-09-20,-0.0194596609934667,313,321
"1815",2022-09-21,-0.0475221417295713,337,345
"1816",2022-09-22,-0.0695844047769707,388,421
"1817",2022-09-23,-0.056110698254427,413,421
"1818",2022-09-24,-0.0605345250167727,291,294
"1819",2022-09-25,-0.0522711700417696,262,645
"1820",2022-09-26,-0.0468061044745468,376,402
"1821",2022-09-27,-0.0539658620833425,405,489
"1822",2022-09-28,-0.0351581186345788,384,426
"1823",2022-09-29,-0.0245726604482571,436,508
"1824",2022-09-30,-0.0602201292149159,424,466
"1825",2022-10-01,-0.0492814966797558,437,2086
"1826",2022-10-02,-0.0421729331187044,926,1055
"1827",2022-10-03,-0.0411958067044364,651,816
"1828",2022-10-04,-0.0308622590331955,686,928
"1829",2022-10-05,-0.0272514960776064,728,847
"1830",2022-10-06,-0.0508547132560914,655,767
"1831",2022-10-07,-0.0563206779730811,559,638
"1832",2022-10-08,-0.0745896044576127,470,569
"1833",2022-10-09,-0.0573481942675805,498,687
"1834",2022-10-10,-0.0398679440978178,608,657
"1835",2022-10-11,-0.0416803733376766,616,656
"1836",2022-10-12,-0.0787676715930006,519,1014
"1837",2022-10-13,-0.0545474454063476,565,1838
"1838",2022-10-14,-0.0342928039758547,598,822
"1839",2022-10-15,-0.0389645635298498,639,691
"1840",2022-10-16,-0.0422571508454732,585,780
"1841",2022-10-17,-0.0346688920126795,555,590
"1842",2022-10-18,-0.034400486779275,639,680
"1843",2022-10-19,-0.0684731650280453,570,670
"1844",2022-10-20,-0.0394560543354992,669,786
"1845",2022-10-21,-0.0447282381534169,604,624
"1846",2022-10-22,-0.0498210514172384,388,405
"1847",2022-10-23,-0.0317932661653166,400,441
"1848",2022-10-24,-0.0411908240114976,444,460
"1849",2022-10-25,-0.0407639872594606,580,660
"1850",2022-10-26,-0.0431846640134488,446,550
"1851",2022-10-27,-0.0499817626551083,513,597
"1852",2022-10-28,-0.018499097655691,520,573
"1853",2022-10-29,-0.0474701113853447,399,436
"1854",2022-10-30,-0.0573601631959826,400,447
"1855",2022-10-31,-0.0283251252761924,422,431
"1856",2022-11-01,-0.0312746279474528,423,851
"1857",2022-11-02,-0.0287365111073709,457,829
"1858",2022-11-03,-0.0399367552737442,506,636
"1859",2022-11-04,-0.0462763344336784,562,727
"1860",2022-11-05,-0.0329103446362644,463,586
"1861",2022-11-06,-0.0236859146274093,355,448
"1862",2022-11-07,-0.0142925364562925,461,476
"1863",2022-11-08,-0.0368929112399058,507,574
"1864",2022-11-09,-0.00353080173369453,373,403
"1865",2022-11-10,-0.028417369302623,518,786
"1866",2022-11-11,0.0184876093792511,454,686
"1867",2022-11-12,-0.0418933888483188,352,363
"1868",2022-11-13,-0.00514649722615184,339,475
"1869",2022-11-14,-0.0646819916797771,360,390
"1870",2022-11-15,-0.0350306692508406,499,564
"1871",2022-11-16,-0.031897642057949,499,613
"1872",2022-11-17,-0.022835604393795,561,734
"1873",2022-11-18,-0.0134721877214162,560,619
"1874",2022-11-19,-0.00919766133874248,419,452
"1875",2022-11-20,-0.0151603064004712,373,753
"1876",2022-11-21,-0.0402380315036708,407,467
"1877",2022-11-22,-0.00462895577408422,401,672
"1878",2022-11-23,-0.030376980044576,519,854
"1879",2022-11-24,-0.061772618735141,1186,3396
"1880",2022-11-25,-0.067221077376255,819,895
"1881",2022-11-26,-0.0524216382490442,529,549
"1882",2022-11-27,-0.0293137590595056,548,1182
"1883",2022-11-28,-0.044647183341383,697,733
"1884",2022-11-29,-0.048182114602388,590,597
"1885",2022-11-30,-0.0382611775558737,492,498
"1886",2022-12-01,-0.0365960021315183,533,2669
"1887",2022-12-02,-0.0328949318496266,432,480
"1888",2022-12-03,-0.0431512036794866,468,584
"1889",2022-12-04,-0.0139678164651496,444,474
"1890",2022-12-05,-0.0300300950167455,445,613
"1891",2022-12-06,-0.0308143012556593,485,562
"1892",2022-12-07,-0.0303174152286106,518,586
"1893",2022-12-08,-0.0353585463712224,471,519
"1894",2022-12-09,-0.0534460782884719,444,472
"1895",2022-12-10,-0.035108513027482,398,419
"1896",2022-12-11,0.0012821558596927,335,390
"1897",2022-12-12,-0.0327951237555648,355,387
"1898",2022-12-13,-0.0232352737631392,572,673
"1899",2022-12-14,-0.0360707064944303,424,430
"1900",2022-12-15,-0.033909795479488,407,454
"1901",2022-12-16,-0.0308941952971858,451,473
"1902",2022-12-17,-0.0389283254219555,322,356
"1903",2022-12-18,-0.0177099861073684,291,310
"1904",2022-12-19,-0.0272416269906147,379,472
"1905",2022-12-20,-0.0733674971252811,740,778
"1906",2022-12-21,-0.041098366595953,405,469
"1907",2022-12-22,-0.0108415295169738,342,362
"1908",2022-12-23,-0.0216283051267863,317,337
"1909",2022-12-24,-0.02654729038189,257,272
"1910",2022-12-25,-0.0130341790217883,154,155
"1911",2022-12-26,-0.0217470437450992,209,212
"1912",2022-12-27,0.000509842357071773,310,322
"1913",2022-12-28,-0.0305487749904476,284,295
"1914",2022-12-29,-0.0150313368312519,350,354
"1915",2022-12-30,-0.0257989810180366,408,420
"1916",2022-12-31,0.0200978358851067,357,371
"1917",2023-01-01,-0.0142067785060887,314,700
"1918",2023-01-02,-0.0170749674225247,345,497
"1919",2023-01-03,-0.0301721510084155,452,602
"1920",2023-01-04,-0.00946684718972769,429,560
"1921",2023-01-05,-0.0411617181909203,458,503
"1922",2023-01-06,-0.0138865197560116,491,562
"1923",2023-01-07,-0.0427480846111358,382,417
"1924",2023-01-08,-0.000256233682248287,312,339
"1925",2023-01-09,-0.0188059962559534,351,365
"1926",2023-01-10,-0.0356402474776819,348,362
"1927",2023-01-11,-0.0307455012622505,540,635
"1928",2023-01-12,-0.00182277826150615,451,555
"1929",2023-01-13,-0.0067222182112461,437,473
"1930",2023-01-14,-0.0253818859376338,430,501
"1931",2023-01-15,-0.0121543665312177,560,580
"1932",2023-01-16,-0.0409524267415453,479,490
"1933",2023-01-17,-0.0184595233287073,435,459
"1934",2023-01-18,-0.03817250920608,482,495
"1935",2023-01-19,-0.0433426148289327,535,569
"1936",2023-01-20,-0.0364086286860471,693,768
"1937",2023-01-21,-0.0404167036870877,481,506
"1938",2023-01-22,-0.0386591827464965,438,448
"1939",2023-01-23,-0.0482492496832779,485,557
"1940",2023-01-24,-0.0404834101255087,529,626
"1941",2023-01-25,-0.0254804207422683,484,527
"1942",2023-01-26,-0.0201321027886936,486,537
"1943",2023-01-27,-0.0279470024983474,521,544
"1944",2023-01-28,-0.01321684305419,375,423
"1945",2023-01-29,-0.0447704085956527,382,405
"1946",2023-01-30,-0.0237689406154345,432,448
"1947",2023-01-31,-0.0372503954924119,411,418
"1948",2023-02-01,-0.0228842807998072,539,703
"1949",2023-02-02,-0.0273901931411725,504,588
"1950",2023-02-03,-0.0452978144324626,517,572
"1951",2023-02-04,-0.037119221264452,383,700
"1952",2023-02-05,-0.0226671542188124,373,381
"1953",2023-02-06,-0.0530722788202895,420,490
"1954",2023-02-07,-0.0313215690234629,423,447
"1955",2023-02-08,-0.043139623648719,558,584
"1956",2023-02-09,-0.040912501364407,514,521
"1957",2023-02-10,-0.0245564173612932,513,519
"1958",2023-02-11,-0.016655887147616,440,447
